dataset_name,experiment_params,window_size,threshold,modularity,nmi,ari,n_communities,nodes,edges,density,avg_degree,diameter,avg_shortest_path,scale_free_slope,scale_free_R2,max_out_degree_lead,top_pagerank_node,max_pagerank_val,sum_granger,avg_granger,sum_mutual_info,avg_mutual_info,tau_degree_betweenness,tau_degree_closeness,tau_betweenness_closeness,top_out_degree_lead,top_in_degree_lag,top_betweenness,top_closeness
1d_1y_no_vol,w120_t0.2,120,0.2,3.7823142825813374,0.01992767630967977,-0.043934586282645835,3,40,226,0.14487179487179488,11.3,0,0.0,-0.44933203482858464,0.062424253828611595,13,SHEL,0.09180749392228071,221.02896369148425,0.9780042641216117,0.0,0.0,0.48507865342352713,0.37406756546656156,0.2713259819138935,"PYPL, ABBV, MA, PFE, AAPL","AMZN, AZN, SLB, BAC, BP","SHEL, ABBV, AMZN, VLO, BAC","AZN, AMZN, SLB, NVO, SHEL"
1d_1y_no_vol,w120_t0.3,120,0.3,3.7823142825813374,0.01992767630967977,-0.043934586282645835,3,40,226,0.14487179487179488,11.3,0,0.0,-0.44933203482858464,0.062424253828611595,13,SHEL,0.09180749392228071,221.02896369148425,0.9780042641216117,0.0,0.0,0.48507865342352713,0.37406756546656156,0.2713259819138935,"PYPL, ABBV, MA, PFE, AAPL","AMZN, AZN, SLB, BAC, BP","SHEL, ABBV, AMZN, VLO, BAC","AZN, AMZN, SLB, NVO, SHEL"
1d_1y_no_vol,w120_t0.4,120,0.4,3.7823142825813374,0.01992767630967977,-0.043934586282645835,3,40,226,0.14487179487179488,11.3,0,0.0,-0.44933203482858464,0.062424253828611595,13,SHEL,0.09180749392228071,221.02896369148425,0.9780042641216117,0.0,0.0,0.48507865342352713,0.37406756546656156,0.2713259819138935,"PYPL, ABBV, MA, PFE, AAPL","AMZN, AZN, SLB, BAC, BP","SHEL, ABBV, AMZN, VLO, BAC","AZN, AMZN, SLB, NVO, SHEL"
1d_1y_no_vol,w30_t0.2,30,0.2,14.944325347268139,0.052110053567347374,0.013302034428794992,2,40,419,0.2685897435897436,20.95,4,1.8115384615384615,0.3290062086721975,0.06594750400762063,18,BAC,0.04925718035104301,412.61922686146784,0.9847714244903767,0.0,0.0,0.6973310426186081,0.632712890949264,0.5976813280851911,"ADBE, META, BAC, COP, TSLA","EQNR, XOM, PBR, BAC, CVX","BAC, META, PBR, EQNR, TSLA","EQNR, PBR, XOM, BAC, CVX"
1d_1y_no_vol,w30_t0.3,30,0.3,14.944325347268139,0.052110053567347374,0.013302034428794992,2,40,419,0.2685897435897436,20.95,4,1.8115384615384615,0.3290062086721975,0.06594750400762063,18,BAC,0.04925718035104301,412.61922686146784,0.9847714244903767,0.0,0.0,0.6973310426186081,0.632712890949264,0.5976813280851911,"ADBE, META, BAC, COP, TSLA","EQNR, XOM, PBR, BAC, CVX","BAC, META, PBR, EQNR, TSLA","EQNR, PBR, XOM, BAC, CVX"
1d_1y_no_vol,w30_t0.4,30,0.4,14.944325347268139,0.052110053567347374,0.013302034428794992,2,40,419,0.2685897435897436,20.95,4,1.8115384615384615,0.3290062086721975,0.06594750400762063,18,BAC,0.04925718035104301,412.61922686146784,0.9847714244903767,0.0,0.0,0.6973310426186081,0.632712890949264,0.5976813280851911,"ADBE, META, BAC, COP, TSLA","EQNR, XOM, PBR, BAC, CVX","BAC, META, PBR, EQNR, TSLA","EQNR, PBR, XOM, BAC, CVX"
1d_1y_no_vol,w60_t0.2,60,0.2,19.705276318742104,0.09333310677723868,-0.017595307917888565,4,40,270,0.17307692307692307,13.5,0,0.0,-0.13796505699064548,0.007063892340432658,17,XOM,0.056785124581951556,264.58386211617835,0.97994023005992,0.0,0.0,0.6621244608080047,0.34495150377023037,0.25116670482592873,"TSLA, ABBV, BAC, PFE, GOOGL","XOM, TMO, MS, SLB, AZN","TSLA, BAC, XOM, ABBV, GOOGL","XOM, TMO, JPM, MS, SLB"
1d_1y_no_vol,w60_t0.3,60,0.3,19.705276318742104,0.09333310677723868,-0.017595307917888565,4,40,270,0.17307692307692307,13.5,0,0.0,-0.13796505699064548,0.007063892340432658,17,XOM,0.056785124581951556,264.58386211617835,0.97994023005992,0.0,0.0,0.6621244608080047,0.34495150377023037,0.25116670482592873,"TSLA, ABBV, BAC, PFE, GOOGL","XOM, TMO, MS, SLB, AZN","TSLA, BAC, XOM, ABBV, GOOGL","XOM, TMO, JPM, MS, SLB"
1d_1y_no_vol,w60_t0.4,60,0.4,19.705276318742104,0.09333310677723868,-0.017595307917888565,4,40,270,0.17307692307692307,13.5,0,0.0,-0.13796505699064548,0.007063892340432658,17,XOM,0.056785124581951556,264.58386211617835,0.97994023005992,0.0,0.0,0.6621244608080047,0.34495150377023037,0.25116670482592873,"TSLA, ABBV, BAC, PFE, GOOGL","XOM, TMO, MS, SLB, AZN","TSLA, BAC, XOM, ABBV, GOOGL","XOM, TMO, JPM, MS, SLB"
1d_1y_with_vol,w120_t0.2,120,0.2,8.563465099649084,0.018995529774944855,-0.044530493707647625,3,40,717,0.4596153846153846,35.85,3,1.5423076923076924,-0.02633063543759576,0.00017816660283778048,29,AZN,0.04592282804585261,221.02896224874493,0.308269124475237,120.69199399455209,0.1683291408571159,0.8412485310729668,0.6738078611602225,0.6370888881787202,"PYPL, MRK, AAPL, AMD, GOOGL","AMD, SLB, NVO, AZN, MRK","PYPL, AMD, MRK, NVO, SLB","AMD, SLB, NVO, AZN, MRK"
1d_1y_with_vol,w120_t0.3,120,0.3,5.486518016226401,0.053335450196783554,-0.041253683364586125,4,40,296,0.18974358974358974,14.8,4,2.1378205128205128,0.5227442523153594,0.12395980905140722,18,AZN,0.060148972525356004,221.02896224874493,0.7467194670565708,51.71259295534382,0.17470470593021561,0.6220066331208616,0.40197271045724775,0.4010513731719964,"PYPL, INTC, PFE, WFC, ABBV","AZN, SLB, NVO, AMZN, AAPL","INTC, PYPL, NVO, AMZN, SLB","AZN, NVO, SLB, AMZN, AAPL"
1d_1y_with_vol,w120_t0.4,120,0.4,4.008216384733678,0.06934570109403651,-0.028924533263213252,4,40,235,0.15064102564102563,11.75,0,0.0,-0.2697046531087218,0.025588809236132385,14,SHEL,0.08515177480691379,221.02896224874493,0.9405487755265743,37.09782909904605,0.15786310254913213,0.6164933921495854,0.3907518403363142,0.35600383379944966,"PYPL, ABBV, MA, PFE, AAPL","AMZN, AZN, SLB, BAC, NVO","AMZN, ABBV, NVO, SHEL, PYPL","AZN, AMZN, NVO, SLB, SHEL"
1d_1y_with_vol,w30_t0.2,30,0.2,4.0355469213406385,0.13309674785484193,-0.020477815699658702,5,40,1229,0.7878205128205128,61.45,2,1.212179487179487,3.190690739087103,0.41806291606018525,36,BAC,0.03375574738265657,412.6192322038221,0.335735746300913,249.69564853497485,0.2031697709804515,0.7637671100541312,0.6591454615201555,0.6045669239225427,"AZN, JNJ, ADBE, META, SHEL","BAC, META, C, V, ABBV","META, SHEL, TSLA, V, JNJ","BAC, META, C, V, ABBV"
1d_1y_with_vol,w30_t0.3,30,0.3,21.364719007991773,0.10230014266492829,-0.009557945041816009,5,40,878,0.5628205128205128,43.9,2,1.4371794871794872,0.15770854334948783,0.004716433156464172,30,BAC,0.03857996078523522,412.6192322038221,0.46995356743032135,206.46117976928397,0.23514940748210023,0.7954206484782583,0.6461497555985403,0.5852042720495261,"COP, AZN, JNJ, MRK, UNH","BAC, META, AZN, PFE, TSLA","BAC, META, TSLA, COP, AZN","BAC, META, AZN, PFE, TSLA"
1d_1y_with_vol,w30_t0.4,30,0.4,-2250.378918536443,0.01857756164335192,-0.03988081595232638,3,40,603,0.38653846153846155,30.15,3,1.623076923076923,-0.14525756954431396,0.006881032181919404,23,BAC,0.04355333499323893,412.6192322038221,0.6842773336713468,151.0619301567422,0.25051729710902526,0.7923091859582635,0.6724789252386169,0.5950541574122893,"AZN, META, ADBE, COP, BAC","AZN, BAC, AAPL, EQNR, PFE","BAC, AZN, META, AAPL, TSLA","AZN, BAC, AAPL, EQNR, PFE"
1d_1y_with_vol,w60_t0.2,60,0.2,3.791189807778246,0.09431661194934152,-0.019076005961251863,5,40,1044,0.6692307692307692,52.2,2,1.3307692307692307,0.9885643180271023,0.2177000657615917,36,TMO,0.03773810608826788,264.58386220189635,0.2534328182010501,210.80774167143332,0.20192312420635375,0.7396736310362927,0.6954580794183699,0.6025670878028749,"NVO, PYPL, JNJ, GOOGL, MRK","TMO, AMD, MS, NVO, SLB","NVO, TMO, WFC, NVDA, V","TMO, AMD, MS, NVO, SLB"
1d_1y_with_vol,w60_t0.3,60,0.3,-13.663948910963644,0.05432360005826223,-0.03276003276003276,4,40,587,0.3762820512820513,29.35,3,1.641025641025641,0.16652452994410194,0.02234329500983987,26,TMO,0.044493862834067234,264.58386220189635,0.45073911789079457,139.73819837594502,0.2380548524292079,0.7266512079546679,0.6320805271208867,0.5253355250972669,"TSLA, NVO, BAC, JNJ, PFE","SLB, AMD, MS, NVO, TMO","TSLA, NVO, WFC, TMO, V","SLB, AMD, MS, NVO, TMO"
1d_1y_with_vol,w60_t0.4,60,0.4,25.461133589895123,0.025069896274956135,-0.035398230088495575,3,40,360,0.23076923076923078,18.0,4,1.9506410256410256,0.11880289385128215,0.008393891321804783,18,C,0.04826524808871955,264.58386220189635,0.7349551727830455,85.07118701264352,0.23630885281289868,0.6300970818105759,0.47429046868511343,0.41102265887775685,"TSLA, BAC, PFE, ABBV, JNJ","TMO, XOM, SLB, MS, AZN","ABBV, TSLA, XOM, BAC, C","TMO, XOM, SLB, AZN, TSLA"
1h_1mo_no_vol,w120_t0.2,120,0.2,3.2765870762689393,0.20342384038940015,-0.0024775472282440383,9,40,99,0.06346153846153846,4.95,0,0.0,-0.37583495595281047,0.16084474731047588,6,MSFT,0.08696297858607449,96.40728556248614,0.9738109652776378,0.0,0.0,0.7854149590025223,0.5969675436439803,0.5653138873916901,"AMD, JPM, MSFT, AXP, BP","TTE, TMO, BP, C, TSLA","TTE, MSFT, TSLA, JNJ, COP","TMO, TTE, C, LLY, XOM"
1h_1mo_no_vol,w120_t0.3,120,0.3,3.2765870762689393,0.20342384038940015,-0.0024775472282440383,9,40,99,0.06346153846153846,4.95,0,0.0,-0.37583495595281047,0.16084474731047588,6,MSFT,0.08696297858607449,96.40728556248614,0.9738109652776378,0.0,0.0,0.7854149590025223,0.5969675436439803,0.5653138873916901,"AMD, JPM, MSFT, AXP, BP","TTE, TMO, BP, C, TSLA","TTE, MSFT, TSLA, JNJ, COP","TMO, TTE, C, LLY, XOM"
1h_1mo_no_vol,w120_t0.4,120,0.4,3.2765870762689393,0.20342384038940015,-0.0024775472282440383,9,40,99,0.06346153846153846,4.95,0,0.0,-0.37583495595281047,0.16084474731047588,6,MSFT,0.08696297858607449,96.40728556248614,0.9738109652776378,0.0,0.0,0.7854149590025223,0.5969675436439803,0.5653138873916901,"AMD, JPM, MSFT, AXP, BP","TTE, TMO, BP, C, TSLA","TTE, MSFT, TSLA, JNJ, COP","TMO, TTE, C, LLY, XOM"
1h_1mo_no_vol,w30_t0.2,30,0.2,4.954998303086686,0.19148722113737282,0.06060606060606061,5,40,360,0.23076923076923078,18.0,4,1.9615384615384615,0.032421564192854996,0.0005410093232240468,18,MRK,0.0650446161609929,353.17114952518597,0.9810309709032944,0.0,0.0,0.566586629001484,0.3848321370969009,0.329464730353658,"V, BAC, AMD, MA, NVO","MRK, XOM, JNJ, TMO, ABBV","AMD, TMO, ABBV, BAC, MRK","MRK, XOM, TMO, JNJ, PFE"
1h_1mo_no_vol,w30_t0.3,30,0.3,4.954998303086686,0.19148722113737282,0.06060606060606061,5,40,360,0.23076923076923078,18.0,4,1.9615384615384615,0.032421564192854996,0.0005410093232240468,18,MRK,0.0650446161609929,353.17114952518597,0.9810309709032944,0.0,0.0,0.566586629001484,0.3848321370969009,0.329464730353658,"V, BAC, AMD, MA, NVO","MRK, XOM, JNJ, TMO, ABBV","AMD, TMO, ABBV, BAC, MRK","MRK, XOM, TMO, JNJ, PFE"
1h_1mo_no_vol,w30_t0.4,30,0.4,4.954998303086686,0.19148722113737282,0.06060606060606061,5,40,360,0.23076923076923078,18.0,4,1.9615384615384615,0.032421564192854996,0.0005410093232240468,18,MRK,0.0650446161609929,353.17114952518597,0.9810309709032944,0.0,0.0,0.566586629001484,0.3848321370969009,0.329464730353658,"V, BAC, AMD, MA, NVO","MRK, XOM, JNJ, TMO, ABBV","AMD, TMO, ABBV, BAC, MRK","MRK, XOM, TMO, JNJ, PFE"
1h_1mo_no_vol,w60_t0.2,60,0.2,5.637508588125465,0.1858915856652713,0.010341855788566504,5,40,167,0.10705128205128205,8.35,0,0.0,-0.7701553539320023,0.4338451095311915,9,XOM,0.053130823575239225,163.09032648460828,0.9765887813449597,0.0,0.0,0.6387310914682144,0.47189099349313,0.5035836049017669,"JNJ, ABBV, BP, AMD, NVO","XOM, AAPL, C, CVX, ABBV","C, XOM, CVX, AXP, TMO","C, CVX, AAPL, MRK, NVDA"
1h_1mo_no_vol,w60_t0.3,60,0.3,5.637508588125465,0.1858915856652713,0.010341855788566504,5,40,167,0.10705128205128205,8.35,0,0.0,-0.7701553539320023,0.4338451095311915,9,XOM,0.053130823575239225,163.09032648460828,0.9765887813449597,0.0,0.0,0.6387310914682144,0.47189099349313,0.5035836049017669,"JNJ, ABBV, BP, AMD, NVO","XOM, AAPL, C, CVX, ABBV","C, XOM, CVX, AXP, TMO","C, CVX, AAPL, MRK, NVDA"
1h_1mo_no_vol,w60_t0.4,60,0.4,5.637508588125465,0.1858915856652713,0.010341855788566504,5,40,167,0.10705128205128205,8.35,0,0.0,-0.7701553539320023,0.4338451095311915,9,XOM,0.053130823575239225,163.09032648460828,0.9765887813449597,0.0,0.0,0.6387310914682144,0.47189099349313,0.5035836049017669,"JNJ, ABBV, BP, AMD, NVO","XOM, AAPL, C, CVX, ABBV","C, XOM, CVX, AXP, TMO","C, CVX, AAPL, MRK, NVDA"
1h_1mo_with_vol,w120_t0.2,120,0.2,7.734693001926987,0.041255255107541154,-0.042105263157894736,4,40,948,0.6076923076923076,47.4,2,1.3923076923076922,-0.20602388072863395,0.006070074074865665,35,NVDA,0.034062620493861176,96.40728556248614,0.1016954489055761,185.71012743773514,0.1958967589005645,0.8617627426095412,0.5879151436697172,0.5759393322203495,"MA, INTC, COP, MSFT, JPM","ABBV, NVDA, LLY, NVO, MSFT","MSFT, NVDA, INTC, MA, JPM","ABBV, NVDA, LLY, NVO, MSFT"
1h_1mo_with_vol,w120_t0.3,120,0.3,6.313807067026395,0.012108164669522309,-0.050822846079380445,3,40,318,0.20384615384615384,15.9,5,2.037179487179487,0.16286087063827795,0.017781959746444295,15,TTE,0.04961894632080653,96.40728556248614,0.30316756466190614,74.20054198485089,0.2333350376882103,0.6599086116249484,0.5983047843952389,0.42090273247564913,"MA, MRK, ADBE, NVDA, AMD","BP, LLY, NVDA, NVO, TMO","MSFT, NVDA, MA, MRK, BP","BP, LLY, MSFT, TTE, NVDA"
1h_1mo_with_vol,w120_t0.4,120,0.4,4.126520702646969,0.08641268850101586,-0.053472987872105845,6,40,121,0.07756410256410257,6.05,0,0.0,0.047707953656027285,0.002519009097300678,7,MSFT,0.07819664258630157,96.40728556248614,0.796754426136249,25.317631697144233,0.20923662559623332,0.6894987285934806,0.5972292939943167,0.5533029306319356,"DHR, AMD, MA, AMZN, JPM","TTE, TMO, BP, C, LLY","MRK, NVDA, MSFT, AXP, BP","TMO, TTE, LLY, MRK, C"
1h_1mo_with_vol,w30_t0.2,30,0.2,1.6920196432352232,0.1347779710548534,0.008831321754489255,5,40,1359,0.8711538461538462,67.95,2,1.1288461538461538,1.6447222018859222,0.2003507582406011,39,MRK,0.03735695438710707,353.17114952518597,0.25987575388166734,359.09700941049897,0.26423621001508385,0.4955783925464455,0.70488905861017,0.5422980743409007,"MA, ABBV, AMD, BP, EQNR","ABBV, MRK, SLB, TSLA, BP","MRK, NVO, BP, WFC, MS","ABBV, MRK, SLB, TSLA, BP"
1h_1mo_with_vol,w30_t0.3,30,0.3,1.628571212788917,0.10929106301794969,0.014465577283686044,4,40,1078,0.691025641025641,53.9,2,1.308974358974359,0.3684148484919339,0.07007324668628076,35,MRK,0.04120024508906079,353.17114952518597,0.3276170218229925,321.62644291216026,0.2983547707905012,0.6918111850244424,0.6998271631499063,0.5786609411810035,"GOOGL, NVO, AMD, ABBV, JPM","MRK, BP, NVO, SLB, ABBV","BP, MRK, NVO, TSLA, MS","MRK, BP, NVO, SLB, ABBV"
1h_1mo_with_vol,w30_t0.4,30,0.4,3.244540302345175,0.17239349310600807,0.018659881255301103,5,40,772,0.4948717948717949,38.6,3,1.507051282051282,0.37187330664732426,0.09494990596413612,31,MRK,0.04971904575031843,353.17114952518597,0.45747558228651025,256.39278827864376,0.33211501072363175,0.7766888785318661,0.6843271624657226,0.6519785020126198,"GOOGL, AMD, V, MSFT, NVO","MRK, ABBV, SLB, UNH, AMD","AMD, ABBV, MRK, BP, GOOGL","MRK, ABBV, SLB, UNH, AMD"
1h_1mo_with_vol,w60_t0.2,60,0.2,1.8251786394889697,0.21914347354702202,0.057971014492753624,6,40,1265,0.8108974358974359,63.25,2,1.189102564102564,1.7446277912497798,0.26315138866089244,39,MRK,0.033700991097326743,163.09032648460828,0.1289251592763702,289.7398738240072,0.22904337851700174,0.8703241697506787,0.7919919723863899,0.7372771301972516,"COP, ABBV, TMO, AMD, MA","MRK, MS, PFE, AXP, GS","COP, MRK, ABBV, PFE, TMO","MRK, MS, PFE, AXP, GS"
1h_1mo_with_vol,w60_t0.3,60,0.3,2.6981850431261734,0.14208905860332335,0.0011467889908256881,5,40,761,0.4878205128205128,38.05,3,1.514102564102564,0.19410108680156976,0.016832028765040037,29,MRK,0.043301147988412315,163.09032648460828,0.21431054728595045,206.5178140102728,0.271376890946482,0.8170464806880248,0.773210229096955,0.7163537769012333,"MA, NVO, MSFT, COP, TMO","MRK, ABBV, SLB, GS, MSFT","MRK, ABBV, SLB, NVO, MSFT","MRK, ABBV, SLB, GS, MSFT"
1h_1mo_with_vol,w60_t0.4,60,0.4,3.3641559928296942,0.1792085998382562,0.06657496561210453,4,40,369,0.23653846153846153,18.45,4,1.9282051282051282,-0.10911225742630838,0.007632562168671001,17,MRK,0.055661048231080826,163.09032648460828,0.4419792045653341,111.88887559507127,0.30322188508149395,0.7629679054504,0.6505122777219277,0.6598849223558424,"MA, NVO, MSFT, ABBV, AXP","DHR, MRK, NVDA, SLB, AAPL","MSFT, AXP, ABBV, NVDA, MRK","MRK, DHR, AAPL, SLB, NVDA"
5m_5d_no_vol,w120_t0.2,120,0.2,2.942204873117631,0.11472747238149703,-0.030218933086648164,6,40,547,0.3506410256410256,27.35,3,1.6717948717948719,0.3814231619233771,0.05931377099811361,23,ADBE,0.03853422081347347,538.4045562279651,0.9842862088262617,0.0,0.0,0.7639927116953232,0.6514137797678058,0.6125431149412243,"CVX, PFE, MRK, MS, COP","ADBE, ABBV, AMD, AMZN, C","ABBV, MRK, C, SLB, AMZN","ADBE, ABBV, AMD, AMZN, C"
5m_5d_no_vol,w120_t0.3,120,0.3,2.942204873117631,0.11472747238149703,-0.030218933086648164,6,40,547,0.3506410256410256,27.35,3,1.6717948717948719,0.3814231619233771,0.05931377099811361,23,ADBE,0.03853422081347347,538.4045562279651,0.9842862088262617,0.0,0.0,0.7639927116953232,0.6514137797678058,0.6125431149412243,"CVX, PFE, MRK, MS, COP","ADBE, ABBV, AMD, AMZN, C","ABBV, MRK, C, SLB, AMZN","ADBE, ABBV, AMD, AMZN, C"
5m_5d_no_vol,w120_t0.4,120,0.4,2.942204873117631,0.11472747238149703,-0.030218933086648164,6,40,547,0.3506410256410256,27.35,3,1.6717948717948719,0.3814231619233771,0.05931377099811361,23,ADBE,0.03853422081347347,538.4045562279651,0.9842862088262617,0.0,0.0,0.7639927116953232,0.6514137797678058,0.6125431149412243,"CVX, PFE, MRK, MS, COP","ADBE, ABBV, AMD, AMZN, C","ABBV, MRK, C, SLB, AMZN","ADBE, ABBV, AMD, AMZN, C"
5m_5d_no_vol,w30_t0.2,30,0.2,2.230314076674489,0.07413917873488447,-0.009229098805646038,4,40,471,0.3019230769230769,23.55,3,1.7423076923076923,-0.064138327217197,0.0019976645644016783,23,SLB,0.043685771012527796,463.46422802347047,0.9840004841262643,0.0,0.0,0.6930236727592375,0.5091738766993671,0.41082130936235894,"MS, TSLA, META, MRK, PBR","META, SLB, MS, AAPL, PYPL","META, MS, TSLA, SLB, PBR","META, SLB, MS, AAPL, BP"
5m_5d_no_vol,w30_t0.3,30,0.3,2.230314076674489,0.07413917873488447,-0.009229098805646038,4,40,471,0.3019230769230769,23.55,3,1.7423076923076923,-0.064138327217197,0.0019976645644016783,23,SLB,0.043685771012527796,463.46422802347047,0.9840004841262643,0.0,0.0,0.6930236727592375,0.5091738766993671,0.41082130936235894,"MS, TSLA, META, MRK, PBR","META, SLB, MS, AAPL, PYPL","META, MS, TSLA, SLB, PBR","META, SLB, MS, AAPL, BP"
5m_5d_no_vol,w30_t0.4,30,0.4,2.230314076674489,0.07413917873488447,-0.009229098805646038,4,40,471,0.3019230769230769,23.55,3,1.7423076923076923,-0.064138327217197,0.0019976645644016783,23,SLB,0.043685771012527796,463.46422802347047,0.9840004841262643,0.0,0.0,0.6930236727592375,0.5091738766993671,0.41082130936235894,"MS, TSLA, META, MRK, PBR","META, SLB, MS, AAPL, PYPL","META, MS, TSLA, SLB, PBR","META, SLB, MS, AAPL, BP"
5m_5d_no_vol,w60_t0.2,60,0.2,4.930712935854286,0.07315260612708792,-0.027247956403269755,4,40,315,0.20192307692307693,15.75,4,1.9878205128205129,0.010033218983058735,2.8524396213921362e-05,17,JNJ,0.04121137915717959,309.2634958417908,0.9817888756882248,0.0,0.0,0.7033360508681687,0.4149848069939912,0.31284390848929483,"COP, MS, MSFT, CVX, PFE","ADBE, JNJ, AAPL, EQNR, NVO","COP, MSFT, TSLA, V, AMZN","ADBE, JNJ, V, EQNR, NVO"
5m_5d_no_vol,w60_t0.3,60,0.3,4.930712935854286,0.07315260612708792,-0.027247956403269755,4,40,315,0.20192307692307693,15.75,4,1.9878205128205129,0.010033218983058735,2.8524396213921362e-05,17,JNJ,0.04121137915717959,309.2634958417908,0.9817888756882248,0.0,0.0,0.7033360508681687,0.4149848069939912,0.31284390848929483,"COP, MS, MSFT, CVX, PFE","ADBE, JNJ, AAPL, EQNR, NVO","COP, MSFT, TSLA, V, AMZN","ADBE, JNJ, V, EQNR, NVO"
5m_5d_no_vol,w60_t0.4,60,0.4,4.930712935854286,0.07315260612708792,-0.027247956403269755,4,40,315,0.20192307692307693,15.75,4,1.9878205128205129,0.010033218983058735,2.8524396213921362e-05,17,JNJ,0.04121137915717959,309.2634958417908,0.9817888756882248,0.0,0.0,0.7033360508681687,0.4149848069939912,0.31284390848929483,"COP, MS, MSFT, CVX, PFE","ADBE, JNJ, AAPL, EQNR, NVO","COP, MSFT, TSLA, V, AMZN","ADBE, JNJ, V, EQNR, NVO"
5m_5d_with_vol,w120_t0.2,120,0.2,1.8493373800828756,0.11750822536627227,-0.028364323983611724,6,40,930,0.5961538461538461,46.5,2,1.4038461538461537,-0.1204910537142323,0.004145798002125037,31,ADBE,0.03733106586403311,538.4045562279651,0.5789296303526507,155.46077135170864,0.16716211973302,0.8586836672996913,0.7766256946072846,0.6792445832765377,"CVX, INTC, AMZN, PFE, MRK","ADBE, C, AMZN, MSFT, ABBV","AMZN, C, V, MSFT, CVX","ADBE, C, AMZN, MSFT, ABBV"
5m_5d_with_vol,w120_t0.3,120,0.3,3.2073992004644007,0.07451626904642479,-0.04778353483016695,5,40,607,0.3891025641025641,30.35,3,1.6211538461538462,0.1994722713416431,0.024556338023692836,26,ADBE,0.03976141488634789,538.4045562279651,0.8869926791235011,100.70009768741102,0.16589801925438388,0.7593049591731685,0.6769894284807958,0.634401251565077,"PFE, AMZN, CVX, MRK, C","ADBE, ABBV, AMD, AMZN, C","AMZN, MRK, ABBV, C, ADBE","ADBE, ABBV, AMD, AMZN, C"
5m_5d_with_vol,w120_t0.4,120,0.4,3.0769583114636547,0.11502016357284747,-0.014130114807182808,5,40,548,0.35128205128205126,27.4,3,1.6711538461538462,0.29171134335650367,0.03267021858432987,23,ADBE,0.03876314075884996,538.4045562279651,0.9824900661094255,85.28737090023003,0.1556338885040694,0.7597637777597159,0.6531988013011994,0.6134443521226027,"CVX, PFE, MRK, MS, COP","ADBE, ABBV, AMD, AMZN, C","ABBV, MRK, C, SLB, AMZN","ADBE, ABBV, AMD, AMZN, C"
5m_5d_with_vol,w30_t0.2,30,0.2,1.6000702045235617,0.08831884533965445,-0.035331595713872,5,40,1222,0.7833333333333333,61.1,2,1.2166666666666666,0.6899917033405936,0.03316197088522356,37,SLB,0.032958354600571754,463.46422802347047,0.3792669623759988,254.22609698089008,0.20804099589270875,0.7262615457380097,0.6794586914349733,0.5629852404391974,"CVX, MA, MSFT, TSLA, AMD","CVX, MSFT, XOM, AAPL, ADBE","AMD, MSFT, PYPL, MA, TSLA","CVX, MSFT, XOM, AAPL, ADBE"
5m_5d_with_vol,w30_t0.3,30,0.3,2.0070156900899363,0.12036384401854787,-0.008886255924170616,5,40,902,0.5782051282051283,45.1,2,1.4217948717948719,0.5668912409084511,0.05927665594703744,31,META,0.035500738184291135,463.46422802347047,0.5138184346158209,212.53935470721044,0.23563121364435743,0.8259598192686352,0.7465085018626858,0.6493482806458472,"CVX, MS, SLB, TSLA, MSFT","XOM, COP, CVX, BP, AAPL","CVX, SLB, XOM, MS, TSLA","XOM, COP, CVX, BP, AAPL"
5m_5d_with_vol,w30_t0.4,30,0.4,1.579375843978985,0.07071106163695892,-0.04571089344018997,5,40,633,0.40576923076923077,31.65,3,1.5980769230769232,-0.013201696949971784,5.3585617849705354e-05,26,SLB,0.04103272149569722,463.46422802347047,0.7321709763403956,157.7243274791269,0.24916955367950538,0.7934526391302132,0.6793221900194814,0.5684551755188112,"MS, TSLA, NVDA, CVX, META","SLB, TSLA, AAPL, AMD, META","TSLA, SLB, MS, META, AMD","SLB, TSLA, AAPL, AMD, META"
5m_5d_with_vol,w60_t0.2,60,0.2,23.734213532927424,0.02312916619859774,-0.041146216017634095,3,40,1009,0.6467948717948718,50.45,2,1.3532051282051283,0.4213334860551616,0.02406042098493355,33,V,0.03703890901620256,309.2634958417908,0.3065049512802684,210.66240484797908,0.20878335465607437,0.8047857464444171,0.6270740887012634,0.6013163191036086,"BP, INTC, V, AMZN, NVDA","XOM, V, COP, C, CVX","V, XOM, BP, COP, CVX","XOM, V, COP, C, CVX"
5m_5d_with_vol,w60_t0.3,60,0.3,53.59578697394821,0.004877852890482444,-0.03420843277645187,2,40,606,0.38846153846153847,30.3,3,1.6153846153846154,-0.12121764760411975,0.005221917771309719,24,V,0.042721077881161765,309.2634958417908,0.5103358017191267,144.8178692812407,0.23897338165221235,0.7528891243570339,0.630366063629245,0.5002521432333737,"COP, V, C, MSFT, MS","XOM, V, PYPL, C, CVX","XOM, V, COP, MSFT, C","XOM, V, PYPL, C, CVX"
5m_5d_with_vol,w60_t0.4,60,0.4,9.212995478937325,0.05449678202510652,-0.0410958904109589,4,40,389,0.24935897435897436,19.45,3,1.8416666666666666,-0.16726215628621624,0.00960408790371884,18,V,0.04921171011716081,309.2634958417908,0.7950218402102591,90.44763631763186,0.2325132039013672,0.68181507380799,0.4747866998581251,0.3131052132125855,"COP, MS, MSFT, C, UNH","V, XOM, CVX, UNH, ADBE","V, COP, MSFT, NVDA, UNH","V, CVX, XOM, UNH, ADBE"
