Lead,Lag,Freq,AvgWeight,Score
NVO,AZN,100.0,-0.7143222788362585,71.43222788362586
AZN,MA,77.77777777777779,0.8571961213073287,66.67080943501446
META,LLY,88.88888888888889,-0.7470210572458331,66.40187175518517
GS,AXP,77.77777777777779,-0.8119975226213914,63.155362870552665
LLY,GOOGL,88.88888888888889,0.7069275123090011,62.838001094133425
PFE,COP,88.88888888888889,0.7051447443003696,62.679532826699514
PBR,SLB,88.88888888888889,-0.6914178554668813,61.45936493038945
UNH,MRK,100.0,-0.6120690108363783,61.20690108363783
TMO,AMZN,77.77777777777779,0.7802161567617658,60.68347885924846
PYPL,AMD,88.88888888888889,0.6780844108837617,60.274169856334375
AMD,GOOGL,100.0,-0.5998525969269434,59.985259692694335
JNJ,PFE,66.66666666666666,0.8690000250518598,57.93333500345731
AXP,CVX,77.77777777777779,-0.7447614186149102,57.92588811449302
GS,SHEL,88.88888888888889,-0.6239297635627274,55.46042342779799
TMO,TSLA,88.88888888888889,-0.6145374232062679,54.62554872944604
SHEL,GS,88.88888888888889,-0.6131577639574876,54.50291235177667
GOOGL,SHEL,77.77777777777779,-0.6978589016440443,54.277914572314565
AXP,BAC,77.77777777777779,0.6909548151988633,53.7409300710227
PBR,ABBV,88.88888888888889,0.6035132181025804,53.64561938689604
AMZN,GOOGL,88.88888888888889,0.6010852198669094,53.42979732150306
V,PFE,66.66666666666666,-0.7934122484020345,52.894149893468956
TMO,AMD,88.88888888888889,0.5905368860923718,52.49216765265527
AMD,TSLA,100.0,-0.5099141774012534,50.99141774012534
EQNR,AXP,77.77777777777779,-0.6345194907414895,49.3515159465603
BAC,AXP,66.66666666666666,0.7376460750644055,49.17640500429369
VLO,AMD,100.0,-0.48613759623801617,48.61375962380162
PYPL,BAC,55.55555555555556,-0.8601999948138717,47.78888860077065
GOOGL,V,55.55555555555556,-0.8555477634047259,47.530431300262556
SHEL,AMD,88.88888888888889,0.5329916625917253,47.37703667482002
AXP,VLO,55.55555555555556,0.8484116920672318,47.13398289262399
JNJ,AMZN,77.77777777777779,-0.6020500469998588,46.826114766655685
EQNR,AAPL,55.55555555555556,-0.8403193262574158,46.68440701430088
TTE,JPM,55.55555555555556,-0.8312529413499978,46.18071896388877
COP,ADBE,55.55555555555556,0.8242078528511454,45.78932515839697
AMD,TMO,100.0,0.45695888414391006,45.69588841439101
JNJ,TTE,88.88888888888889,0.5131347993971476,45.611982168635336
MSFT,JNJ,55.55555555555556,0.8198246235703858,45.545812420576986
UNH,TSLA,66.66666666666666,0.6824726435693114,45.498176237954084
COP,PBR,77.77777777777779,-0.5832099417776038,45.36077324936919
ABBV,SLB,77.77777777777779,-0.5815963230197865,45.23526956820562
EQNR,TTE,55.55555555555556,-0.8138913474633881,45.21618597018823
JPM,AMD,55.55555555555556,-0.8085373415897958,44.91874119943311
AMD,DHR,77.77777777777779,0.5772528937541466,44.89744729198918
XOM,PFE,66.66666666666666,-0.6734586034780219,44.89724023186812
MA,MRK,66.66666666666666,0.644992716563956,42.99951443759706
PYPL,WFC,55.55555555555556,-0.7739215910397621,42.99564394665345
XOM,AMZN,66.66666666666666,-0.6382785384265809,42.55190256177205
UNH,JNJ,66.66666666666666,-0.6325324252621999,42.16882835081332
AAPL,NVO,55.55555555555556,-0.7583581964266327,42.13101091259071
UNH,AZN,55.55555555555556,-0.75737229800099,42.07623877783278
AMD,WFC,55.55555555555556,-0.7481987120612847,41.56659511451582
PYPL,MRK,55.55555555555556,-0.7454623245447639,41.41457358582022
LLY,UNH,88.88888888888889,-0.45679226945491425,40.60375728488126
PBR,PFE,55.55555555555556,0.7289982335560321,40.49990186422401
SLB,SHEL,88.88888888888889,-0.4544911871804838,40.39921663826522
DHR,TSLA,55.55555555555556,-0.7257341127954148,40.31856182196749
DHR,SHEL,55.55555555555556,0.7226754346749209,40.14863525971783
AMD,SHEL,77.77777777777779,0.5156890920260595,40.109151602026856
NVO,BP,55.55555555555556,-0.7218872777107632,40.10484876170907
ADBE,MSFT,55.55555555555556,0.7197720794672902,39.98733774818279
AAPL,MRK,55.55555555555556,0.7171207701343099,39.84004278523944
TMO,SHEL,55.55555555555556,0.7095258500033688,39.41810277796493
INTC,PYPL,55.55555555555556,0.7082684183888308,39.34824546604616
EQNR,AMD,55.55555555555556,0.7078202538659556,39.32334743699754
AZN,META,55.55555555555556,0.7073981723828591,39.29989846571439
GS,BP,55.55555555555556,-0.706396338042465,39.24424100235917
C,INTC,77.77777777777779,-0.5034102553708713,39.15413097328999
PFE,TMO,44.44444444444444,-0.8767364619396921,38.966064975097424
V,SHEL,88.88888888888889,0.42880726754089044,38.11620155919026
JPM,PBR,44.44444444444444,0.85731796751056,38.10302077824711
AAPL,AMZN,44.44444444444444,-0.8517207894898654,37.854257310660685
NVO,SHEL,77.77777777777779,-0.4860989138591413,37.807693300155435
CVX,TMO,44.44444444444444,0.8506366295548722,37.80607242466098
UNH,BP,44.44444444444444,-0.8498499325361644,37.771108112718416
MS,SHEL,44.44444444444444,-0.8496024417572681,37.760108522545245
MS,MSFT,55.55555555555556,-0.6788316667964036,37.71287037757798
SLB,JPM,77.77777777777779,-0.4843508011935384,37.67172898171966
NVO,PBR,44.44444444444444,-0.846327394301077,37.61455085782564
ABBV,META,44.44444444444444,0.8451435765486613,37.56193673549606
DHR,SLB,44.44444444444444,0.843648329759446,37.49548132264204
BP,EQNR,44.44444444444444,-0.8435480607244219,37.49102492108542
LLY,PBR,44.44444444444444,0.8359247513209667,37.15221116982074
JPM,BAC,44.44444444444444,0.8356171211297971,37.13853871687987
BP,XOM,66.66666666666666,-0.5552037320124831,37.01358213416553
BP,GOOGL,44.44444444444444,0.832804994057657,37.01355529145142
AMD,CVX,44.44444444444444,0.832771988071682,37.012088358741416
GOOGL,MSFT,44.44444444444444,-0.8307798288799546,36.923547950220204
UNH,VLO,55.55555555555556,0.6623725170419787,36.79847316899882
JPM,AAPL,66.66666666666666,0.5513298959908025,36.75532639938683
MSFT,BAC,44.44444444444444,-0.8269205032075663,36.75202236478072
LLY,COP,66.66666666666666,-0.5500252228209869,36.668348188065785
VLO,MA,66.66666666666666,-0.5479600548855296,36.53067032570197
TTE,SLB,44.44444444444444,0.815691448176858,36.2529532523048
NVDA,MSFT,44.44444444444444,0.8152393116042267,36.23285829352118
INTC,NVO,66.66666666666666,0.5409617450308107,36.064116335387375
GOOGL,MS,77.77777777777779,0.4630652376109393,36.016185147517504
GOOGL,PBR,55.55555555555556,0.6482772333905231,36.01540185502906
INTC,AMD,44.44444444444444,0.8101635787698381,36.00727016754836
PBR,DHR,66.66666666666666,-0.5393054061078151,35.953693740521
GOOGL,AMD,88.88888888888889,-0.40403450247224704,35.914177997533066
ABBV,AMZN,66.66666666666666,-0.5350272553898369,35.668483692655784
CVX,PFE,44.44444444444444,-0.8017571799333276,35.633652441481225
INTC,META,77.77777777777779,-0.45813003459049473,35.63233602370515
JNJ,VLO,66.66666666666666,-0.5333667609043083,35.55778406028722
ABBV,MA,66.66666666666666,0.5327675053583691,35.517833690557936
AMD,NVO,55.55555555555556,-0.6350562399606604,35.28090222003669
COP,AXP,66.66666666666666,-0.5287625709306957,35.25083806204638
TSLA,MRK,77.77777777777779,-0.4499169230293433,34.993538457837815
AMZN,LLY,66.66666666666666,0.5217649575860133,34.78433050573421
MSFT,SLB,55.55555555555556,-0.6231829267366745,34.62127370759303
AZN,WFC,55.55555555555556,-0.6230049564426485,34.61138646903603
GOOGL,MRK,55.55555555555556,0.621790256648495,34.54390314713861
AMZN,INTC,88.88888888888889,-0.38793080971718,34.48273864152711
PFE,PBR,77.77777777777779,0.44263736631687883,34.42735071353503
VLO,DHR,55.55555555555556,-0.6144231079548106,34.13461710860059
NVDA,UNH,55.55555555555556,-0.6127601464307257,34.04223035726254
PYPL,PFE,55.55555555555556,-0.6086470202076124,33.813723344867356
GS,C,55.55555555555556,0.6083222817167264,33.79568231759591
UNH,MA,55.55555555555556,-0.6068074826409184,33.71152681338436
BAC,BP,55.55555555555556,-0.6065108592613633,33.6950477367424
TMO,NVO,77.77777777777779,-0.43176990653231107,33.582103841401974
BAC,ADBE,55.55555555555556,0.6028425669799682,33.491253721109345
AMZN,MA,55.55555555555556,0.5988209885182555,33.26783269545864
EQNR,NVDA,55.55555555555556,0.5984504291498235,33.24724606387908
ABBV,BP,44.44444444444444,0.7447031317545718,33.09791696686986
INTC,MSFT,55.55555555555556,-0.5942309236017577,33.012829088986535
META,TMO,66.66666666666666,-0.494871010152248,32.991400676816525
BAC,AAPL,55.55555555555556,0.5935375757457797,32.97430976365443
WFC,AAPL,44.44444444444444,0.7396435120563677,32.873044980283005
BP,BAC,55.55555555555556,-0.5914981105659399,32.86100614255222
TTE,MRK,55.55555555555556,0.587998153099048,32.666564061058224
META,C,44.44444444444444,0.7341215495947524,32.62762442643344
MRK,UNH,100.0,-0.32623566957027167,32.623566957027165
AXP,AAPL,66.66666666666666,0.48702303257499113,32.46820217166607
GOOGL,LLY,88.88888888888889,0.3650295848889401,32.44707421235023
LLY,META,55.55555555555556,-0.5819335550242976,32.32964194579431
BAC,WFC,77.77777777777779,0.4151884521388213,32.29243516635277
GOOGL,EQNR,88.88888888888889,-0.35967866261905856,31.97143667724965
AMD,VLO,77.77777777777779,-0.4105626497588454,31.932650536799088
MRK,NVO,88.88888888888889,-0.3573008101438492,31.760072012786594
INTC,JNJ,44.44444444444444,-0.7028483602077699,31.237704898123106
PYPL,JPM,44.44444444444444,-0.7017773793928475,31.19010575079322
ADBE,BP,44.44444444444444,-0.698301233437111,31.03561037498271
TMO,INTC,44.44444444444444,-0.6972997717276831,30.991100965674804
DHR,JPM,44.44444444444444,-0.6913751602408202,30.72778489959201
DHR,TMO,100.0,0.3066320502923553,30.66320502923553
ABBV,AMD,44.44444444444444,-0.6898259433237435,30.658930814388597
VLO,INTC,44.44444444444444,0.6889500963012642,30.620004280056186
UNH,INTC,55.55555555555556,0.5506053476457689,30.589185980320494
JPM,NVO,88.88888888888889,-0.3435038483854514,30.53367541204012
GOOGL,AMZN,66.66666666666666,0.45777703367741956,30.518468911827966
VLO,META,66.66666666666666,-0.4572260705056476,30.48173803370984
AZN,VLO,44.44444444444444,-0.6822619111395584,30.322751606202594
LLY,JPM,66.66666666666666,0.45423187550687394,30.28212503379159
SHEL,TSLA,44.44444444444444,-0.6806539203456756,30.251285348696694
SHEL,PYPL,44.44444444444444,0.6788536222126469,30.17127209833986
GOOGL,NVDA,44.44444444444444,-0.6766956069162138,30.075360307387278
AMD,COP,44.44444444444444,-0.6759835894064664,30.04371508473184
META,ABBV,44.44444444444444,0.6759276248242445,30.041227769966422
BP,SLB,44.44444444444444,-0.6749355160383632,29.997134046149476
V,WFC,44.44444444444444,-0.6734374157430836,29.930551810803713
MSFT,SHEL,44.44444444444444,0.6695826968206,29.759230969804445
UNH,GOOGL,66.66666666666666,-0.44264661633358093,29.509774422238724
ADBE,WFC,33.33333333333333,0.8852793363263962,29.50931121087987
V,EQNR,44.44444444444444,0.6632813174424872,29.47916966411054
UNH,AAPL,55.55555555555556,-0.5304319188721284,29.468439937340467
AZN,ABBV,55.55555555555556,0.5279338723385187,29.329659574362154
MS,GS,66.66666666666666,0.4393402984927381,29.2893532328492
PYPL,GOOGL,66.66666666666666,-0.43513129336410256,29.008752890940166
GS,MS,66.66666666666666,0.43479239411148923,28.98615960743261
GS,PFE,55.55555555555556,0.5204577446979302,28.91431914988501
C,SHEL,88.88888888888889,-0.3241470312393976,28.813069443502005
GS,V,100.0,-0.2870796422863793,28.707964228637927
UNH,NVO,55.55555555555556,0.5162832788810711,28.682404382281728
PYPL,AAPL,55.55555555555556,-0.515426541663108,28.634807870172665
PYPL,XOM,33.33333333333333,-0.857319341621698,28.57731138738993
BP,AZN,55.55555555555556,0.5143627728471598,28.57570960261999
COP,BP,55.55555555555556,-0.5139388722197602,28.552159567764456
SHEL,PBR,33.33333333333333,-0.851178894150766,28.37262980502553
MSFT,V,55.55555555555556,0.5104939758892275,28.36077643829042
AMZN,BP,33.33333333333333,0.8487264607712643,28.290882025708807
TTE,NVO,33.33333333333333,-0.8453109896471721,28.177032988239066
PFE,AZN,33.33333333333333,0.844890215428515,28.163007180950494
WFC,UNH,33.33333333333333,-0.8443218652241967,28.144062174139886
UNH,BAC,100.0,0.281268029207434,28.126802920743398
GOOGL,ABBV,33.33333333333333,-0.8428730264232157,28.09576754744052
TTE,DHR,33.33333333333333,0.8381248609813136,27.93749536604378
TSLA,ADBE,55.55555555555556,0.5028742277171595,27.93745709539775
SLB,XOM,33.33333333333333,0.8376329105469229,27.92109701823076
TMO,SLB,33.33333333333333,0.8363121886729322,27.877072955764405
C,XOM,33.33333333333333,-0.8360323603572328,27.86774534524109
ABBV,AAPL,33.33333333333333,0.8343930392963822,27.813101309879404
JNJ,NVO,33.33333333333333,-0.8337810931703835,27.792703105679447
AXP,NVDA,77.77777777777779,-0.3568816930872051,27.757465017893733
PYPL,C,55.55555555555556,-0.4995531602785984,27.752953348811022
BAC,SLB,33.33333333333333,0.8316019223210809,27.720064077369358
GS,WFC,33.33333333333333,-0.8270691086118408,27.568970287061354
NVDA,AMD,77.77777777777779,0.3540104022765043,27.534142399283674
C,PFE,33.33333333333333,0.825678598834947,27.522619961164896
MSFT,XOM,33.33333333333333,-0.8253096358605063,27.51032119535021
MRK,C,33.33333333333333,0.8240977857747386,27.469926192491283
V,C,100.0,-0.27418015988183414,27.418015988183413
JNJ,C,33.33333333333333,0.8206973439397087,27.35657813132362
BAC,AMZN,33.33333333333333,-0.8192443514944726,27.30814504981575
UNH,META,33.33333333333333,0.8179263464543313,27.264211548477704
WFC,BP,33.33333333333333,-0.8165674365390246,27.218914551300816
ABBV,CVX,33.33333333333333,0.8160659164137837,27.202197213792786
ABBV,SHEL,33.33333333333333,0.8151102627791437,27.17034209263812
AMZN,XOM,33.33333333333333,-0.8140992115476798,27.136640384922657
JPM,UNH,33.33333333333333,-0.8133061191033514,27.11020397011171
GOOGL,AAPL,77.77777777777779,0.3485142855108973,27.106666650847572
INTC,SLB,55.55555555555556,0.48782716448203767,27.101509137890982
JPM,SLB,33.33333333333333,-0.8129080636425837,27.09693545475279
AAPL,NVDA,33.33333333333333,-0.8126284487489154,27.087614958297177
JPM,AZN,33.33333333333333,0.8115207187040526,27.050690623468416
META,COP,55.55555555555556,0.4865374652698117,27.029859181656207
ABBV,TSLA,33.33333333333333,0.8101976575200166,27.00658858400055
AZN,NVO,100.0,-0.26914348792954557,26.914348792954556
PFE,XOM,66.66666666666666,-0.40219904590365313,26.813269726910203
MS,AZN,33.33333333333333,-0.8039385261732436,26.797950872441447
MRK,BAC,66.66666666666666,0.40152237635120586,26.76815842341372
NVO,EQNR,33.33333333333333,0.802946573499141,26.764885783304695
AXP,ADBE,55.55555555555556,0.4804521871677315,26.691788175985085
JPM,TTE,33.33333333333333,-0.7973594602164461,26.57864867388153
MA,EQNR,33.33333333333333,0.7959261967232382,26.530873224107935
JNJ,CVX,55.55555555555556,0.4759915065839048,26.443972587994715
WFC,MRK,44.44444444444444,0.5943969872029812,26.41764387568805
SHEL,PFE,55.55555555555556,-0.47358013577612673,26.310007543118154
SLB,ABBV,66.66666666666666,-0.3941718200480495,26.278121336536632
TMO,AAPL,66.66666666666666,-0.3930351470354279,26.20234313569519
TSLA,AMZN,77.77777777777779,-0.33496469936754897,26.052809950809365
NVO,MRK,77.77777777777779,-0.3318706350307262,25.81216050238982
INTC,ABBV,66.66666666666666,-0.38670845662120756,25.78056377474717
MA,ABBV,77.77777777777779,0.33113448654548205,25.754904509093052
TMO,COP,66.66666666666666,-0.385143786381333,25.6762524254222
NVO,LLY,66.66666666666666,-0.3849612915187138,25.66408610124758
TSLA,NVO,66.66666666666666,0.38295611511831495,25.530407674554326
ADBE,AMD,88.88888888888889,-0.2872136857626459,25.53010540112408
V,MS,66.66666666666666,-0.38133082941791435,25.42205529452762
JNJ,AZN,77.77777777777779,0.32641580102455603,25.38789563524325
AXP,SLB,66.66666666666666,0.37917157519677874,25.27810501311858
V,GS,88.88888888888889,-0.2834713371283595,25.19745218918751
INTC,UNH,66.66666666666666,0.3779119206744959,25.19412804496639
UNH,NVDA,66.66666666666666,-0.3755148553007361,25.034323686715734
DHR,NVO,44.44444444444444,-0.5624169195909944,24.996307537377525
BAC,JNJ,88.88888888888889,-0.28118762312903145,24.99445538924724
MSFT,EQNR,44.44444444444444,0.5610444027378255,24.9353067883478
ADBE,TMO,55.55555555555556,-0.4469714897452846,24.83174943029359
DHR,ABBV,44.44444444444444,-0.5557754419871723,24.701130754985435
SLB,AAPL,44.44444444444444,-0.5553703835728748,24.683128158794435
C,PYPL,77.77777777777779,-0.3168713284341368,24.64554776709953
META,MRK,44.44444444444444,0.5536407981115533,24.606257693846814
MA,BP,44.44444444444444,0.5522840765851659,24.545958959340705
TMO,PYPL,44.44444444444444,0.5482273888357055,24.365661726031355
INTC,PBR,44.44444444444444,-0.5473940449568238,24.328624220303276
AAPL,CVX,44.44444444444444,-0.5467504123679038,24.30001832746239
AAPL,BAC,44.44444444444444,0.5461581979683439,24.27369768748195
EQNR,GOOGL,66.66666666666666,-0.3628396089021458,24.18930726014305
GS,PBR,66.66666666666666,0.3614208612523213,24.094724083488085
MS,SLB,44.44444444444444,0.5415042313640794,24.06685472729242
PBR,MS,44.44444444444444,0.5396145985789699,23.982871047954216
SLB,AMZN,44.44444444444444,0.5368621910057507,23.86054182247781
UNH,LLY,88.88888888888889,-0.26775831023371816,23.800738687441612
ABBV,MSFT,44.44444444444444,0.5352343841674345,23.78819485188598
BP,AAPL,66.66666666666666,0.35641235921778347,23.760823947852227
VLO,AXP,44.44444444444444,0.5339931699080052,23.73302977368912
TSLA,INTC,44.44444444444444,-0.5334888577568235,23.710615900303267
ADBE,INTC,55.55555555555556,-0.4265555301247158,23.6975294513731
PBR,BP,44.44444444444444,0.5312291567458622,23.610184744260543
PBR,GS,55.55555555555556,0.42395417278692393,23.55300959927355
NVDA,ADBE,44.44444444444444,-0.5269101556195925,23.418229138648556
LLY,AMZN,44.44444444444444,0.5267547019988766,23.41132008883896
TTE,SHEL,88.88888888888889,0.26114037317016825,23.212477615126065
AAPL,GOOGL,44.44444444444444,0.5221682049737237,23.207475776609943
INTC,SHEL,44.44444444444444,-0.5212771439329886,23.167873063688383
VLO,SHEL,55.55555555555556,-0.4165774751371494,23.143193063174966
CVX,LLY,77.77777777777779,-0.29575985788642073,23.00354450227717
AZN,AMZN,55.55555555555556,0.4117728514453825,22.876269524743474
V,MA,88.88888888888889,0.2571163568986439,22.85478727987946
INTC,LLY,55.55555555555556,-0.41011787911590625,22.78432661755035
NVO,INTC,66.66666666666666,0.34068330848789335,22.712220565859553
NVO,UNH,77.77777777777779,0.28756701098802345,22.36632307684627
AZN,BP,55.55555555555556,0.4022518997975356,22.34732776652976
MS,ABBV,55.55555555555556,0.4009849627749095,22.276942376383865
V,SLB,33.33333333333333,-0.667430733442273,22.24769111474243
MRK,ABBV,33.33333333333333,-0.6666694555014083,22.222315183380275
TMO,BP,33.33333333333333,0.6640443783084581,22.134812610281934
WFC,C,55.55555555555556,0.39575932792564805,21.98662932920267
LLY,JNJ,66.66666666666666,-0.3296645721587216,21.97763814391477
NVDA,PFE,33.33333333333333,0.658358960990432,21.945298699681064
TTE,VLO,66.66666666666666,-0.32783909884633117,21.85593992308874
TTE,GS,88.88888888888889,-0.24587912809989892,21.85592249776879
MSFT,NVO,33.33333333333333,-0.6543743795791529,21.812479319305094
AMZN,TTE,88.88888888888889,-0.2450756924013351,21.784505991229786
PFE,NVDA,33.33333333333333,0.6530354423631385,21.76784807877128
NVO,VLO,55.55555555555556,0.39038284094166176,21.6879356078701
GOOGL,UNH,77.77777777777779,-0.278598380642942,21.66876293889549
SLB,TTE,33.33333333333333,-0.6497137023217996,21.65712341072665
PFE,LLY,33.33333333333333,-0.6497117567244974,21.657058557483246
WFC,PYPL,55.55555555555556,-0.3882661023110462,21.570339017280343
NVDA,META,55.55555555555556,-0.3861508890402901,21.452827168905007
AMZN,TSLA,55.55555555555556,-0.3848812208001417,21.38229004445232
V,MRK,55.55555555555556,0.3838870331685963,21.32705739825535
JNJ,BP,55.55555555555556,0.38187718794308595,21.215399330171444
TMO,WFC,33.33333333333333,-0.6361625714206648,21.20541904735549
PBR,META,33.33333333333333,0.6359352151426783,21.197840504755938
TTE,WFC,33.33333333333333,0.634214220063044,21.140474002101463
AAPL,MSFT,33.33333333333333,-0.624203560092024,20.8067853364008
SHEL,AZN,77.77777777777779,0.2670173163710449,20.768013495525718
PFE,MRK,55.55555555555556,0.3736169681949377,20.756498233052096
MSFT,GOOGL,55.55555555555556,-0.3732883446878902,20.738241371549456
ABBV,AZN,55.55555555555556,0.37252645347680835,20.695914082044908
LLY,NVO,66.66666666666666,-0.3097658390952542,20.65105593968361
ADBE,PFE,33.33333333333333,-0.6183138619038929,20.610462063463096
JNJ,LLY,55.55555555555556,-0.3704632116388845,20.581289535493585
SHEL,V,33.33333333333333,0.6170960164772702,20.569867215909003
BP,WFC,33.33333333333333,-0.6149147023652182,20.49715674550727
META,BP,55.55555555555556,-0.3677460384448975,20.430335469160973
V,TSLA,33.33333333333333,-0.6119385370061954,20.397951233539843
WFC,SLB,55.55555555555556,0.3659264033119363,20.329244628440907
VLO,XOM,33.33333333333333,-0.6097017719353665,20.323392397845545
WFC,AMD,66.66666666666666,-0.302210801068745,20.147386737916328
DHR,AMD,55.55555555555556,0.3624104110428663,20.133911724603685
INTC,C,55.55555555555556,-0.3619127857007764,20.106265872265357
MA,NVDA,33.33333333333333,-0.6025497098489583,20.084990328298606
SHEL,BAC,44.44444444444444,-0.45181744028329096,20.08077512370182
AMZN,JNJ,77.77777777777779,-0.25808043160759553,20.07292245836854
SLB,DHR,33.33333333333333,0.599967850028943,19.9989283342981
SLB,EQNR,44.44444444444444,-0.44414185491789304,19.7396379963508
GOOGL,BAC,66.66666666666666,0.2954680401534403,19.697869343562683
TSLA,ABBV,66.66666666666666,0.2944032675200908,19.626884501339383
TSLA,AMD,66.66666666666666,-0.2943638400507586,19.624256003383906
TMO,META,66.66666666666666,-0.2942607858236246,19.61738572157497
INTC,AZN,66.66666666666666,-0.2916551200401096,19.443674669340634
SHEL,WFC,55.55555555555556,-0.34980289172091245,19.433493984495136
LLY,SHEL,55.55555555555556,0.34887027895599365,19.38168216422187
XOM,BP,77.77777777777779,-0.24911636097025805,19.375716964353405
GOOGL,PYPL,77.77777777777779,-0.2467910830168662,19.194862012422927
SLB,NVO,44.44444444444444,0.4318209945701824,19.192044203119217
PFE,JNJ,44.44444444444444,0.43114247654621085,19.16188784649826
V,PYPL,44.44444444444444,0.431003389380366,19.15570619468293
ABBV,DHR,44.44444444444444,-0.4304983928333527,19.133261903704565
PBR,V,22.22222222222222,-0.8579765950895272,19.066146557545046
META,GS,22.22222222222222,0.8561591944488977,19.02575987664217
PFE,UNH,77.77777777777779,-0.24460124459096474,19.024541245963928
CVX,GS,22.22222222222222,-0.8558755268447824,19.019456152106276
MSFT,MRK,22.22222222222222,0.85573167249747,19.016259388832665
LLY,MRK,22.22222222222222,0.8557166094219468,19.01592465382104
GOOGL,DHR,22.22222222222222,-0.8553283440944611,19.00729653543247
AAPL,AZN,22.22222222222222,0.8546564822384395,18.99236627196532
SLB,JNJ,55.55555555555556,-0.3410343910240595,18.946355056892195
XOM,COP,22.22222222222222,-0.8505913548774822,18.90203010838849
C,GS,77.77777777777779,0.24287278561546044,18.890105547869148
NVO,XOM,22.22222222222222,0.8493916580158176,18.87537017812928
WFC,JPM,44.44444444444444,0.42426720358097436,18.856320159154414
META,AMD,66.66666666666666,-0.2827845977345771,18.85230651563847
XOM,AXP,22.22222222222222,0.8472044519077893,18.82676559795087
META,MS,22.22222222222222,0.8442759203294621,18.76168711843249
JNJ,TMO,55.55555555555556,-0.3376093220262538,18.75607344590299
BP,C,22.22222222222222,0.842704841902381,18.726774264497354
GS,TSLA,22.22222222222222,0.8402047942937245,18.671217650971656
PYPL,GS,22.22222222222222,-0.8374884973603756,18.610855496897234
JNJ,EQNR,22.22222222222222,-0.8371285790686637,18.60285731263697
PBR,VLO,44.44444444444444,-0.4179965583237176,18.57762481438745
WFC,MA,77.77777777777779,-0.23881579734519498,18.57456201573739
BAC,AZN,22.22222222222222,0.8349720409094807,18.554934242432903
PBR,TMO,22.22222222222222,-0.8340874897026471,18.535277548947715
WFC,BAC,55.55555555555556,0.33334420465329073,18.519122480738375
SHEL,TTE,22.22222222222222,0.8331520825642603,18.51449072365023
AZN,EQNR,22.22222222222222,-0.8325410552796104,18.500912339546897
META,WFC,22.22222222222222,0.8321931761186108,18.493181691524683
PYPL,TMO,44.44444444444444,0.4147883398821727,18.435037328096563
LLY,SLB,22.22222222222222,-0.8291869086842472,18.426375748538824
META,PBR,22.22222222222222,-0.8285790487548848,18.41286775010855
ADBE,CVX,22.22222222222222,-0.825846356427112,18.352141253935823
MSFT,ADBE,22.22222222222222,-0.8248281046426666,18.329513436503703
MA,TTE,66.66666666666666,0.27485828054448036,18.32388536963202
COP,DHR,44.44444444444444,0.41216315308712437,18.31836235942775
COP,TTE,22.22222222222222,-0.8242747200216599,18.31721600048133
INTC,XOM,22.22222222222222,0.8233034375860033,18.29563194635563
AAPL,WFC,44.44444444444444,0.41160883776209123,18.293726122759608
MA,GS,66.66666666666666,-0.27410809862742713,18.273873241828472
JNJ,ABBV,66.66666666666666,0.2740215232071943,18.268101547146284
XOM,TMO,22.22222222222222,-0.8218107863611286,18.26246191913619
NVDA,BP,22.22222222222222,0.8211846814107416,18.24854847579426
TTE,AMZN,88.88888888888889,-0.20452618866783911,18.180105659363477
MSFT,AMD,22.22222222222222,0.817409951748338,18.16466559440751
CVX,NVO,44.44444444444444,0.40846049579321997,18.153799813032
CVX,EQNR,22.22222222222222,-0.8157821654052061,18.128492564560133
MS,AXP,22.22222222222222,0.8154913367009176,18.122029704464833
NVDA,VLO,22.22222222222222,-0.814140202858588,18.09200450796862
VLO,BAC,44.44444444444444,0.40704031402934565,18.090680623526474
BAC,C,44.44444444444444,0.40673128741920417,18.076946107520186
PFE,SHEL,66.66666666666666,-0.2711340427205387,18.07560284803591
GS,BAC,22.22222222222222,-0.8130847840093347,18.068550755762992
MRK,PBR,22.22222222222222,-0.8124551707719001,18.054559350486667
TMO,C,22.22222222222222,-0.8114123633448492,18.03138585210776
ABBV,V,22.22222222222222,0.8109096846574695,18.02021521461043
BP,VLO,44.44444444444444,-0.40385877398784326,17.949278843904143
MA,V,55.55555555555556,0.3229555679455577,17.941975996975426
NVO,ADBE,22.22222222222222,0.8069616588509074,17.932481307797943
ADBE,BAC,44.44444444444444,0.4005601755960261,17.80267447093449
V,XOM,22.22222222222222,0.7995843104692084,17.768540232649077
AZN,CVX,22.22222222222222,0.7994570880247569,17.76571306721682
SHEL,BP,44.44444444444444,0.3985946410559938,17.71531738026639
COP,CVX,22.22222222222222,0.7968769536999244,17.708376748887208
AMD,TTE,22.22222222222222,0.796169538114393,17.692656402542063
C,V,55.55555555555556,-0.3182473892876752,17.680410515981958
TTE,PBR,44.44444444444444,-0.3975396044633536,17.668426865037937
SHEL,TMO,55.55555555555556,0.3178833780225447,17.66018766791915
SLB,PBR,44.44444444444444,-0.39690999231898444,17.640444103065974
JPM,PFE,22.22222222222222,0.7936538495794822,17.63675221287738
PFE,GS,44.44444444444444,0.39610758391165735,17.60478150718477
TSLA,AZN,55.55555555555556,-0.3166691696784711,17.592731648803948
GOOGL,INTC,66.66666666666666,-0.26365006905165606,17.576671270110403
TMO,JPM,44.44444444444444,-0.3945340012337286,17.534844499276826
BP,AMD,22.22222222222222,0.788395580361076,17.51990178580169
JNJ,SLB,44.44444444444444,-0.3938763042305188,17.50561352135639
SLB,AXP,44.44444444444444,0.39350632456324985,17.489169980588883
BP,TMO,22.22222222222222,0.7866277631020187,17.480616957822637
PFE,MS,22.22222222222222,0.7794023720734709,17.320052712743795
BAC,GS,66.66666666666666,-0.25688924564147325,17.12594970943155
PFE,AMZN,33.33333333333333,-0.513342227028709,17.111407567623633
NVO,ABBV,55.55555555555556,-0.30573275500895564,16.98515305605309
EQNR,JPM,44.44444444444444,0.38185890330134703,16.9715068133932
INTC,ADBE,44.44444444444444,-0.3812776960522415,16.945675380099622
EQNR,PYPL,33.33333333333333,0.5058872795694246,16.86290931898082
PYPL,UNH,44.44444444444444,0.3788560231239936,16.83804547217749
NVDA,INTC,66.66666666666666,-0.2524338696099042,16.82892464066028
NVO,PFE,66.66666666666666,-0.2521760136050714,16.81173424033809
JNJ,UNH,66.66666666666666,-0.25183503515586786,16.789002343724523
AZN,JPM,44.44444444444444,0.3776573616709247,16.784771629818874
AMD,JNJ,33.33333333333333,0.5027662286028215,16.758874286760715
META,VLO,55.55555555555556,-0.301313251459617,16.739625081089834
LLY,BP,55.55555555555556,0.30055866370881645,16.697703539378693
META,TTE,44.44444444444444,0.374730900433483,16.654706685932577
JNJ,BAC,55.55555555555556,0.2994203898935421,16.634466105196783
SHEL,UNH,33.33333333333333,0.4977861929774153,16.592873099247175
UNH,DHR,66.66666666666666,-0.2488806003674898,16.59204002449932
GS,AAPL,55.55555555555556,-0.2984042755072758,16.578015305959767
COP,VLO,44.44444444444444,-0.372464377907333,16.55397235143702
SLB,MA,66.66666666666666,-0.24815477664648586,16.543651776432387
AAPL,JNJ,55.55555555555556,0.2942493738217438,16.347187434541326
JNJ,MS,33.33333333333333,-0.48995407774114147,16.33180259137138
META,PYPL,44.44444444444444,-0.3671790770495729,16.31907009109213
SHEL,LLY,55.55555555555556,0.29314228466878695,16.285682481599274
TSLA,TMO,66.66666666666666,-0.243808854894893,16.25392365965953
TMO,ABBV,66.66666666666666,-0.24362403332713797,16.241602221809195
META,JNJ,66.66666666666666,0.24345981822154864,16.23065454810324
AMZN,TMO,33.33333333333333,0.4847999865507015,16.15999955169005
GS,JPM,55.55555555555556,0.29034603423161387,16.13033523508966
PYPL,SHEL,66.66666666666666,0.24162242427579925,16.108161618386614
C,BP,55.55555555555556,-0.28824163649030027,16.013424249461128
LLY,PFE,33.33333333333333,-0.4796247237332596,15.987490791108652
SHEL,DHR,55.55555555555556,0.28711359659944946,15.950755366636082
AMZN,COP,33.33333333333333,-0.4785017627347187,15.950058757823955
CVX,MA,44.44444444444444,0.3581065114934117,15.915844955262742
META,NVDA,66.66666666666666,-0.23853510672829803,15.9023404485532
MSFT,VLO,33.33333333333333,-0.4744405890229239,15.814686300764128
LLY,AAPL,44.44444444444444,0.35484076339870985,15.770700595498214
MRK,AAPL,44.44444444444444,0.3535471208102359,15.713205369343818
AXP,SHEL,55.55555555555556,-0.2822940958046815,15.683005322482307
ABBV,PBR,33.33333333333333,-0.46832132090036427,15.610710696678806
MSFT,META,33.33333333333333,0.46788904780567214,15.596301593522403
WFC,TMO,44.44444444444444,-0.35065448991742776,15.584643996330122
COP,AMD,33.33333333333333,-0.4667240636326966,15.55746878775655
GS,NVO,88.88888888888889,0.17423005858802204,15.487116318935293
TTE,JNJ,33.33333333333333,-0.46348642403995166,15.449547467998386
AMD,MSFT,33.33333333333333,0.4631166307772734,15.43722102590911
PFE,NVO,55.55555555555556,-0.2774123064940546,15.411794805225254
META,ADBE,55.55555555555556,0.2766555151695661,15.369750842753673
SHEL,NVO,66.66666666666666,-0.22908323279510456,15.272215519673635
MS,LLY,33.33333333333333,-0.45772089588692305,15.257363196230767
NVDA,GOOGL,33.33333333333333,0.45698220032009856,15.23274001066995
LLY,XOM,33.33333333333333,0.45687703612458624,15.229234537486207
C,COP,55.55555555555556,0.27286174748709113,15.158985971505063
PBR,SHEL,55.55555555555556,-0.27266909013618035,15.148282785343353
NVO,JNJ,66.66666666666666,-0.22593313552384098,15.062209034922729
AAPL,GS,33.33333333333333,-0.45148936599361367,15.049645533120453
NVDA,BAC,55.55555555555556,-0.27074259893448127,15.04125549636007
COP,GOOGL,100.0,-0.1498373454821731,14.98373454821731
XOM,EQNR,55.55555555555556,-0.26955373290036944,14.975207383353858
TMO,AZN,66.66666666666666,0.2246190649170449,14.974604327802991
EQNR,PFE,33.33333333333333,0.44807003406687623,14.935667802229206
DHR,VLO,55.55555555555556,-0.2683177063753029,14.906539243072384
VLO,MRK,33.33333333333333,-0.446326851222047,14.877561707401565
AMD,PYPL,33.33333333333333,0.4462695354851469,14.875651182838228
VLO,BP,33.33333333333333,-0.4460771299661502,14.869237665538337
AMD,ADBE,55.55555555555556,-0.267481290027823,14.86007166821239
AMD,SLB,44.44444444444444,-0.3332230712648975,14.809914278439887
NVO,MA,33.33333333333333,-0.4441733479585312,14.80577826528437
UNH,PFE,55.55555555555556,-0.2661801078572664,14.787783769848135
AAPL,XOM,66.66666666666666,-0.22172022433268104,14.7813482888454
TTE,META,55.55555555555556,0.2658944735059102,14.77191519477279
DHR,JNJ,44.44444444444444,-0.33197138602825976,14.754283823478211
LLY,EQNR,44.44444444444444,-0.329540339287934,14.646237301685956
BP,GS,33.33333333333333,-0.43626420990972986,14.542140330324326
MSFT,NVDA,33.33333333333333,0.4360526179994044,14.535087266646812
UNH,PYPL,33.33333333333333,0.43582931474060693,14.527643824686896
ABBV,LLY,33.33333333333333,-0.43304897875459836,14.43496595848661
ADBE,AAPL,33.33333333333333,0.43199126733126575,14.39970891104219
SHEL,C,55.55555555555556,-0.2584555568018059,14.358642044544771
NVDA,JNJ,33.33333333333333,0.4299598088693278,14.33199362897759
BP,NVO,33.33333333333333,-0.4281934032461621,14.273113441538735
CVX,PBR,33.33333333333333,-0.4275054744559849,14.250182481866162
ADBE,COP,33.33333333333333,0.4268044122031009,14.226813740103362
JNJ,MA,33.33333333333333,0.4260808438065325,14.202694793551082
EQNR,MSFT,33.33333333333333,0.4257598786447694,14.191995954825645
V,AZN,44.44444444444444,0.3181542388135992,14.14018839171552
AZN,TSLA,33.33333333333333,-0.4240235364039086,14.134117880130285
CVX,META,44.44444444444444,0.3170266122658121,14.090071656258313
MSFT,MA,33.33333333333333,0.42088236880630236,14.02941229354341
MSFT,AXP,33.33333333333333,-0.42007775779970097,14.002591926656697
JPM,V,33.33333333333333,-0.41688803305591815,13.896267768530603
ADBE,META,55.55555555555556,0.24916199762924673,13.842333201624818
AXP,COP,33.33333333333333,-0.4142182796626328,13.807275988754425
NVO,DHR,33.33333333333333,-0.41408397752680104,13.802799250893367
PFE,AAPL,55.55555555555556,0.24839257547713842,13.79958752650769
JPM,C,33.33333333333333,0.4138844735226123,13.79614911742041
INTC,MS,44.44444444444444,0.3070773787781,13.647883501248888
BAC,PYPL,44.44444444444444,-0.3036064676241148,13.493620783293991
MA,JPM,44.44444444444444,-0.30176002521661516,13.411556676294007
SHEL,MA,55.55555555555556,0.24103872443700256,13.391040246500141
MRK,AMZN,44.44444444444444,-0.30065993532718854,13.36266379231949
COP,PFE,22.22222222222222,0.6005705407107229,13.346012015793843
MA,AZN,55.55555555555556,0.23987715904535017,13.326508835852788
PFE,SLB,22.22222222222222,-0.5948302443604938,13.21844987467764
JPM,ABBV,55.55555555555556,0.2376065743557822,13.2003652419879
GS,COP,22.22222222222222,0.5888516685789535,13.085592635087856
XOM,WFC,22.22222222222222,0.58857934737965,13.07954105288111
MRK,AMD,88.88888888888889,-0.14692812830843283,13.060278071860695
BAC,GOOGL,55.55555555555556,0.2350779081668272,13.059883787045955
TTE,EQNR,55.55555555555556,-0.23504994404484414,13.058330224713563
MRK,AZN,44.44444444444444,0.29374360484900686,13.055271326622526
TMO,PFE,44.44444444444444,-0.29343284505830053,13.041459780368912
C,AXP,44.44444444444444,-0.29245563177032735,12.998028078681216
ABBV,NVO,55.55555555555556,-0.23317944370148663,12.95441353897148
BAC,TMO,44.44444444444444,-0.2899722307960901,12.887654702048447
ADBE,NVDA,55.55555555555556,-0.2313551400480344,12.853063336001911
UNH,JPM,55.55555555555556,-0.23077437373920562,12.82079854106698
AXP,GS,55.55555555555556,-0.22970315110213996,12.761286172341109
PBR,GOOGL,44.44444444444444,0.28616347675587056,12.718376744705358
WFC,XOM,22.22222222222222,0.5716480516271671,12.70329003615927
LLY,DHR,44.44444444444444,-0.28452113440019644,12.64538375111984
GS,PYPL,44.44444444444444,-0.2837508589967278,12.611149288743457
BAC,MSFT,44.44444444444444,-0.28335392252690184,12.593507667862303
BP,UNH,55.55555555555556,-0.22647248359272093,12.581804644040051
META,V,22.22222222222222,-0.5654369918210093,12.565266484911316
ADBE,TSLA,55.55555555555556,0.22591244131304222,12.550691184057902
COP,AAPL,22.22222222222222,0.5628056671422431,12.506792603160958
AAPL,META,22.22222222222222,-0.5623887412431463,12.497527583181029
COP,TSLA,22.22222222222222,0.5621403973359569,12.492008829687931
TMO,DHR,55.55555555555556,0.22405695214211252,12.447608452339585
XOM,LLY,44.44444444444444,0.27915925635403904,12.407078060179513
PYPL,AXP,44.44444444444444,-0.2787213660028791,12.387616266794627
PBR,JPM,44.44444444444444,0.27821881263762815,12.365280561672362
BAC,UNH,77.77777777777779,-0.1588233708987475,12.352928847680364
UNH,AMD,44.44444444444444,-0.2773013435705692,12.324504158691964
PYPL,AZN,22.22222222222222,-0.5539807659470598,12.310683687712439
GOOGL,AZN,22.22222222222222,0.5509821158283877,12.244047018408615
SLB,LLY,44.44444444444444,0.27537240468906715,12.238773541736318
TMO,BAC,44.44444444444444,-0.2751832137481737,12.230365055474387
MSFT,ABBV,22.22222222222222,0.5493057470865934,12.206794379702075
NVO,TMO,55.55555555555556,-0.21958363052010066,12.199090584450037
NVDA,JPM,55.55555555555556,0.2177447203907609,12.096928910597828
ABBV,PFE,22.22222222222222,0.5430947771756032,12.068772826124514
META,MSFT,22.22222222222222,0.542455377987819,12.054563955284864
COP,AMZN,22.22222222222222,-0.538973870532214,11.977197122938088
AMD,AZN,22.22222222222222,0.5384959398752562,11.96657644167236
VLO,CVX,44.44444444444444,-0.26918141389704436,11.963618395424193
PFE,DHR,66.66666666666666,-0.1793102730814475,11.954018205429833
VLO,PBR,22.22222222222222,-0.5367368263820692,11.92748503071265
SHEL,SLB,44.44444444444444,-0.26712611043497836,11.872271574887927
LLY,VLO,44.44444444444444,0.2670957523169636,11.87092232519838
MS,JPM,22.22222222222222,-0.5332490067284904,11.849977927299786
XOM,PBR,22.22222222222222,-0.5309559893213722,11.799021984919383
VLO,TTE,44.44444444444444,-0.26544696285535985,11.797642793571548
AXP,TTE,22.22222222222222,0.5304528838530264,11.787841863400585
MS,UNH,22.22222222222222,0.5279985370258624,11.733300822796942
NVO,SLB,44.44444444444444,0.26374857649458733,11.722158955314992
CVX,AZN,22.22222222222222,0.5255884195821026,11.679742657380057
JNJ,ADBE,55.55555555555556,-0.2101778487583577,11.676547153242096
XOM,GOOGL,22.22222222222222,-0.5232365943277757,11.62747987395057
AAPL,AMD,44.44444444444444,-0.26090050915153296,11.595578184512576
JPM,MS,66.66666666666666,-0.17389406705002433,11.592937803334953
ABBV,JPM,22.22222222222222,0.5198721756529163,11.552715014509252
AZN,SHEL,22.22222222222222,0.5185883866900469,11.52418637088993
UNH,C,22.22222222222222,-0.5176688176736443,11.50375150385876
MA,PBR,33.33333333333333,-0.34501565711761245,11.500521903920413
V,UNH,22.22222222222222,-0.5168809121636082,11.486242492524626
SHEL,NVDA,44.44444444444444,0.25838885580959325,11.483949147093034
JPM,GS,22.22222222222222,0.5159623521252803,11.465830047228451
JPM,MSFT,22.22222222222222,0.515195595089844,11.448791001996533
DHR,TTE,44.44444444444444,0.25746439652409414,11.442862067737517
JNJ,AAPL,22.22222222222222,0.5139427214283416,11.420949365074257
MRK,ADBE,22.22222222222222,-0.5135955863593056,11.413235252429013
COP,SLB,22.22222222222222,0.513132365279916,11.4029414506648
PFE,BP,44.44444444444444,0.2563891043465574,11.395071304291438
PFE,GOOGL,22.22222222222222,-0.5121756788062966,11.381681751251033
BP,TTE,22.22222222222222,0.5120574105348406,11.3790535674409
AXP,UNH,22.22222222222222,0.5120509452759163,11.378909895020362
INTC,BP,22.22222222222222,-0.5113206428788374,11.362680952863052
VLO,LLY,33.33333333333333,0.340544037643107,11.351467921436898
SHEL,MS,22.22222222222222,-0.5103029353626123,11.340065230280272
AXP,C,44.44444444444444,-0.25467859956171723,11.319048869409654
MA,ADBE,44.44444444444444,0.25421333164300847,11.29837029524482
MSFT,DHR,22.22222222222222,0.5073042503261509,11.273427785025575
AZN,NVDA,44.44444444444444,0.25361110530648734,11.271604680288325
SHEL,INTC,22.22222222222222,-0.5068466395485087,11.263258656633527
TTE,V,44.44444444444444,0.25314407331969213,11.250847703097428
MSFT,INTC,22.22222222222222,-0.5062585907984547,11.250190906632326
XOM,PYPL,33.33333333333333,-0.33478583718538335,11.159527906179443
MS,COP,22.22222222222222,-0.502102415913583,11.157831464746288
C,AMD,44.44444444444444,-0.2510161548474338,11.156273548774834
V,TTE,44.44444444444444,0.25086728297516686,11.149657021118527
BAC,VLO,22.22222222222222,0.5016793798684231,11.148430663742737
NVDA,AXP,44.44444444444444,-0.2489380855666407,11.063914914072921
AAPL,PFE,44.44444444444444,0.2479981742717991,11.022141078746627
ABBV,NVDA,44.44444444444444,0.24719732343235154,10.986547708104512
MA,TSLA,66.66666666666666,-0.1644080700123274,10.960538000821826
MRK,TTE,44.44444444444444,0.24640815405590866,10.95147351359594
MRK,PYPL,44.44444444444444,-0.24543140845128075,10.9080625978347
INTC,JPM,44.44444444444444,-0.24459226152298094,10.870767178799152
MS,ADBE,44.44444444444444,-0.24333199176078768,10.814755189368341
NVO,V,44.44444444444444,-0.2422645854271811,10.767314907874715
AZN,BAC,33.33333333333333,0.3225619192291675,10.752063974305582
PFE,V,44.44444444444444,-0.2405141994853279,10.689519977125684
AMD,NVDA,44.44444444444444,0.24020565682283154,10.675806969903624
META,INTC,55.55555555555556,-0.190821203357827,10.601177964323723
AZN,MRK,33.33333333333333,0.31789642366269777,10.596547455423257
VLO,WFC,44.44444444444444,0.2371598112387615,10.540436055056066
AZN,JNJ,44.44444444444444,0.23709766054000286,10.537673801777904
ADBE,V,44.44444444444444,0.2364874528202057,10.510553458675808
INTC,GOOGL,44.44444444444444,-0.23616608536074135,10.496270460477392
PYPL,INTC,44.44444444444444,0.23499990650938865,10.444440289306161
LLY,CVX,44.44444444444444,-0.23279313333280408,10.346361481457958
SLB,WFC,44.44444444444444,0.23253892835124515,10.335063482277562
MSFT,MS,44.44444444444444,-0.23183780721404584,10.303902542846481
NVO,GS,44.44444444444444,0.2316099599868856,10.293775999417138
C,META,44.44444444444444,0.2309811913462402,10.265830726499564
COP,LLY,44.44444444444444,-0.23079164039386718,10.25740623972743
PBR,WFC,44.44444444444444,-0.2298877460958686,10.21723315981638
NVO,MSFT,44.44444444444444,-0.22916072462542625,10.18492109446339
AZN,V,33.33333333333333,0.30535241058910073,10.178413686303356
NVO,AAPL,33.33333333333333,-0.30482815109467615,10.160938369822537
AZN,GOOGL,44.44444444444444,0.22855541869673826,10.158018608743923
PYPL,ABBV,44.44444444444444,-0.22721666929732126,10.0985186354365
SLB,GS,33.33333333333333,0.30194158126237663,10.064719375412553
NVDA,TSLA,44.44444444444444,-0.22535763760159047,10.015895004515132
XOM,SLB,33.33333333333333,0.2994687135324883,9.98229045108294
AMD,BAC,44.44444444444444,-0.22451976318029435,9.978656141346415
AAPL,MA,44.44444444444444,0.2238510008440367,9.948933370846076
TMO,MRK,33.33333333333333,-0.2981762969979746,9.939209899932486
META,AZN,33.33333333333333,0.297814581901292,9.927152730043066
DHR,GOOGL,44.44444444444444,-0.22292943264639659,9.907974784284292
UNH,AXP,33.33333333333333,0.29520053729113177,9.840017909704391
JPM,INTC,44.44444444444444,-0.22137157699871307,9.838736755498358
C,MA,44.44444444444444,-0.22086830913920935,9.81636929507597
AXP,WFC,33.33333333333333,0.29414132952319055,9.80471098410635
MA,CVX,44.44444444444444,0.22041978694323333,9.796434975254815
COP,JNJ,11.11111111111111,-0.8803674008526301,9.781860009473668
COP,GS,33.33333333333333,0.2930132192244059,9.767107307480195
C,PBR,33.33333333333333,0.29293049795551357,9.76434993185045
GOOGL,AXP,33.33333333333333,0.29288528660079577,9.762842886693191
BP,JNJ,11.11111111111111,0.8767886997240117,9.74209666360013
PBR,TSLA,33.33333333333333,-0.2911331642001244,9.704438806670813
COP,JPM,11.11111111111111,0.8662003193410647,9.624447992678496
UNH,XOM,33.33333333333333,-0.28722465508122474,9.574155169374157
VLO,GS,11.11111111111111,-0.8590857792354786,9.545397547060873
COP,SHEL,11.11111111111111,0.8590300173693486,9.54477797077054
JNJ,MRK,11.11111111111111,0.856581442143228,9.5175715793692
MSFT,BP,11.11111111111111,0.856580982124188,9.517566468046534
TSLA,C,44.44444444444444,0.21310947887371698,9.47153239438742
MA,TMO,11.11111111111111,-0.850522603254581,9.450251147273121
ABBV,COP,11.11111111111111,0.8489869841896132,9.433188713217923
PYPL,EQNR,33.33333333333333,0.2829954528012832,9.433181760042771
EQNR,BAC,11.11111111111111,-0.8481209913868559,9.423566570965065
TMO,ADBE,44.44444444444444,-0.21193291959984042,9.41924087110402
PBR,ADBE,11.11111111111111,-0.8475681681563842,9.417424090626492
MA,XOM,11.11111111111111,0.8461118296407185,9.40124255156354
TSLA,MS,11.11111111111111,-0.8453974174147006,9.393304637941117
BP,AMZN,11.11111111111111,0.8445176420255524,9.383529355839471
WFC,AMZN,11.11111111111111,-0.8440710570775881,9.37856730086209
NVDA,C,33.33333333333333,0.2806974660611495,9.356582202038314
PBR,AAPL,11.11111111111111,0.8417977319841553,9.353308133157281
WFC,PFE,11.11111111111111,0.840663721224786,9.340708013608733
ABBV,MRK,11.11111111111111,-0.8399715556945526,9.333017285495028
COP,EQNR,11.11111111111111,0.8392998876203326,9.325554306892585
SLB,GOOGL,11.11111111111111,0.8387253861126267,9.319170956806962
TSLA,SHEL,11.11111111111111,-0.8386926427501427,9.318807141668252
MRK,VLO,11.11111111111111,-0.8384733302118855,9.316370335687617
NVDA,COP,11.11111111111111,0.8380037888957755,9.311153209953062
AZN,GS,11.11111111111111,0.837772001908801,9.308577798986677
XOM,META,11.11111111111111,-0.8363407742931963,9.292675269924404
VLO,GOOGL,33.33333333333333,0.2783541649261381,9.278472164204603
EQNR,AZN,11.11111111111111,-0.8346718583323535,9.274131759248371
PYPL,BP,11.11111111111111,0.833442080287861,9.26046755875401
TMO,JNJ,55.55555555555556,-0.16660342924717486,9.255746069287493
WFC,AZN,55.55555555555556,-0.16659332233458884,9.255184574143826
BAC,LLY,11.11111111111111,0.832762869142692,9.252920768252133
CVX,JPM,11.11111111111111,-0.8318534017286144,9.242815574762382
TSLA,SLB,11.11111111111111,-0.8310319971563497,9.233688857292774
SLB,VLO,11.11111111111111,-0.8310006338448722,9.233340376054135
TSLA,PFE,11.11111111111111,0.8299650975613895,9.221834417348772
EQNR,ADBE,11.11111111111111,0.8296294625772409,9.21810513974712
VLO,AMZN,11.11111111111111,0.8294007136978578,9.215563485531753
PFE,CVX,33.33333333333333,-0.27639546018628336,9.213182006209443
SHEL,XOM,11.11111111111111,-0.8291152828489308,9.212392031654787
VLO,TSLA,11.11111111111111,-0.8281572682431925,9.20174742492436
AAPL,JPM,11.11111111111111,0.8278452838513577,9.198280931681753
COP,META,55.55555555555556,0.16535031424470387,9.186128569150215
MA,WFC,33.33333333333333,-0.27508985972449357,9.16966199081645
DHR,PYPL,11.11111111111111,0.8250848475826799,9.167609417585332
XOM,NVO,11.11111111111111,0.8248995738858412,9.165550820953792
SHEL,EQNR,11.11111111111111,0.82489132770258,9.165459196695332
GS,JNJ,11.11111111111111,-0.8248344930704828,9.164827700783142
MRK,JPM,11.11111111111111,0.82471184159651,9.163464906627889
AMD,PBR,11.11111111111111,0.8241380636130364,9.157089595700404
XOM,NVDA,11.11111111111111,-0.8224835142326256,9.13870571369584
PBR,AMZN,11.11111111111111,-0.8219662702323045,9.132958558136716
AZN,AXP,11.11111111111111,-0.8217426859963197,9.130474288847996
C,MRK,11.11111111111111,0.8216849260002852,9.12983251111428
GS,TMO,11.11111111111111,-0.8214604625472295,9.127338472746994
SLB,TMO,11.11111111111111,0.8209472003040624,9.121635558934027
AZN,AMD,11.11111111111111,0.8207156134445749,9.119062371606388
XOM,V,33.33333333333333,0.27350697185373535,9.116899061791177
ADBE,GOOGL,11.11111111111111,0.8201971369743649,9.113301521937387
ABBV,BAC,11.11111111111111,0.8196943732892473,9.107715258769414
TMO,UNH,11.11111111111111,-0.8194064618337855,9.104516242597617
GS,ADBE,11.11111111111111,-0.8192279317326319,9.10253257480702
WFC,EQNR,11.11111111111111,-0.8190460622174978,9.10051180241664
JNJ,WFC,33.33333333333333,0.27291188627974167,9.097062875991387
AMD,AAPL,33.33333333333333,-0.2729109344284977,9.097031147616589
JNJ,NVDA,11.11111111111111,0.8178955479946918,9.08772831105213
PFE,TSLA,11.11111111111111,0.8173154457340629,9.081282730378476
C,CVX,11.11111111111111,0.8168500019648999,9.076111132943332
PFE,TTE,11.11111111111111,-0.8166303162017557,9.073670180019509
BP,MSFT,11.11111111111111,-0.8162576777553445,9.06952975283716
PYPL,LLY,11.11111111111111,-0.8157476674417604,9.063862971575116
CVX,MRK,11.11111111111111,-0.8154626927645348,9.060696586272607
ABBV,UNH,11.11111111111111,-0.8154518412165218,9.06057601351691
PYPL,CVX,11.11111111111111,-0.8146322048157391,9.0514689423971
BAC,INTC,11.11111111111111,0.8143499204887331,9.048332449874811
BAC,TTE,11.11111111111111,-0.8142995425958084,9.047772695508982
NVDA,SLB,11.11111111111111,-0.8139772401704697,9.044191557449663
SLB,INTC,11.11111111111111,-0.8134794884123031,9.038660982358923
AXP,AMD,11.11111111111111,-0.8112037123198953,9.013374581332169
AMZN,VLO,11.11111111111111,0.8108845088690896,9.009827876323218
AZN,UNH,11.11111111111111,0.8107468573271726,9.008298414746362
AXP,XOM,33.33333333333333,0.2701228089106455,9.004093630354848
MS,EQNR,11.11111111111111,-0.8103257823787151,9.003619804207945
VLO,EQNR,11.11111111111111,-0.8097465998244281,8.997184442493646
TTE,BAC,11.11111111111111,0.8089031069837171,8.98781229981908
PBR,MSFT,11.11111111111111,0.8087793692421836,8.986437436024262
GOOGL,VLO,33.33333333333333,0.2694553281580628,8.981844271935424
ADBE,ABBV,11.11111111111111,-0.8064494597726258,8.960549553029175
MRK,NVDA,11.11111111111111,0.8063821593776153,8.959801770862391
MS,DHR,11.11111111111111,0.8044059721836264,8.937844135373627
VLO,TMO,11.11111111111111,-0.8043957497923259,8.937730553248064
BAC,DHR,11.11111111111111,-0.8043337348154591,8.937041497949545
MS,TSLA,11.11111111111111,0.803728471109842,8.930316345664911
PYPL,V,11.11111111111111,0.8025021253420062,8.916690281577846
GS,TTE,11.11111111111111,-0.8022070613122979,8.913411792358865
TTE,LLY,11.11111111111111,-0.8020494978852075,8.911661087613416
DHR,AAPL,11.11111111111111,-0.8011324774388932,8.901471971543257
MRK,PFE,11.11111111111111,0.8007591365649955,8.89732373961106
TTE,C,11.11111111111111,0.8003997075835797,8.893330084261997
BP,PBR,11.11111111111111,-0.800231339592808,8.891459328808978
MS,TTE,33.33333333333333,0.2666854370285547,8.889514567618487
COP,MSFT,11.11111111111111,0.7991632578555443,8.879591753950493
CVX,VLO,33.33333333333333,-0.26615704461313444,8.87190148710448
V,TMO,11.11111111111111,-0.7979697958742604,8.86633106526956
ADBE,PYPL,11.11111111111111,-0.7979003610407499,8.865559567119442
AXP,MA,11.11111111111111,-0.7976134274324841,8.86237141591649
TTE,PFE,11.11111111111111,-0.796779664168375,8.85310737964861
V,DHR,11.11111111111111,-0.7935548931001438,8.817276590001597
UNH,SHEL,11.11111111111111,-0.7935496911971383,8.817218791079313
PBR,XOM,11.11111111111111,-0.7926226433214626,8.806918259127363
AMZN,SHEL,11.11111111111111,-0.7922932462374277,8.803258291526975
ADBE,AMZN,11.11111111111111,0.7911548531572534,8.790609479525038
TTE,AMD,11.11111111111111,0.7903946877403026,8.782163197114473
GS,VLO,11.11111111111111,-0.7885644905876549,8.761827673196166
PYPL,SLB,22.22222222222222,-0.3941447189463827,8.758771532141838
PBR,UNH,11.11111111111111,-0.7880590477940949,8.75621164215661
MRK,WFC,33.33333333333333,0.26199705442794957,8.733235147598318
MRK,DHR,33.33333333333333,0.261653274867588,8.721775828919599
AAPL,EQNR,11.11111111111111,-0.7835957327519779,8.706619252799754
LLY,MSFT,11.11111111111111,0.7832961422154802,8.70329046906089
LLY,ABBV,33.33333333333333,-0.26107779913511137,8.702593304503711
AMZN,AZN,77.77777777777779,0.11183020153235579,8.697904563627674
MS,PYPL,33.33333333333333,-0.26086599664614946,8.695533221538314
V,PBR,33.33333333333333,-0.2603655107065371,8.678850356884569
MRK,MSFT,11.11111111111111,0.7783061739328615,8.647846377031794
WFC,MS,11.11111111111111,0.7779165893758876,8.643517659732083
AZN,PFE,33.33333333333333,0.25852671578201536,8.617557192733845
MA,AXP,33.33333333333333,-0.2582944693240279,8.609815644134262
AXP,PYPL,33.33333333333333,-0.25816924398209573,8.605641466069857
PBR,PYPL,33.33333333333333,-0.25766288351448924,8.588762783816307
EQNR,AMZN,11.11111111111111,-0.7696093440301042,8.551214933667824
AMD,XOM,33.33333333333333,0.25590086252387695,8.530028750795896
MA,MSFT,11.11111111111111,0.7652852345983084,8.503169273314539
DHR,AZN,33.33333333333333,-0.254419316004217,8.480643866807233
WFC,JNJ,33.33333333333333,0.2539440924813053,8.464803082710175
XOM,MS,33.33333333333333,-0.2538297191378351,8.460990637927836
TMO,TTE,33.33333333333333,-0.25234491850872137,8.411497283624044
MA,SLB,33.33333333333333,-0.2499485535532069,8.331618451773561
SHEL,AAPL,33.33333333333333,-0.24913053747169744,8.30435124905658
SLB,ADBE,33.33333333333333,-0.24868084313438113,8.289361437812703
SLB,BP,33.33333333333333,-0.24863162093707522,8.287720697902506
SHEL,VLO,77.77777777777779,-0.10618147398555813,8.258559087765633
DHR,UNH,33.33333333333333,-0.2457727719005983,8.192425730019941
GS,LLY,33.33333333333333,-0.24539715334926263,8.179905111642086
JNJ,AXP,33.33333333333333,-0.2448932820462131,8.163109401540435
SHEL,AXP,33.33333333333333,-0.24450277355686134,8.150092451895377
AXP,AZN,33.33333333333333,-0.24370207332545893,8.123402444181963
DHR,LLY,33.33333333333333,-0.24299609640250208,8.099869880083402
XOM,AMD,33.33333333333333,0.24120225644615348,8.04007521487178
MA,SHEL,33.33333333333333,0.24107324122391616,8.03577470746387
CVX,WFC,33.33333333333333,0.24101290458222546,8.03376348607418
COP,C,33.33333333333333,0.23908155340031664,7.969385113343887
AMD,UNH,55.55555555555556,-0.1426518222848133,7.925101238045183
CVX,ABBV,33.33333333333333,0.23690357161145167,7.896785720381722
AAPL,TMO,33.33333333333333,-0.23454254377683312,7.818084792561103
VLO,COP,33.33333333333333,-0.23447010116141928,7.815670038713975
SLB,BAC,33.33333333333333,0.23377837042972938,7.792612347657645
MS,NVO,33.33333333333333,-0.229803927654066,7.660130921802199
EQNR,WFC,22.22222222222222,-0.3438436929180506,7.640970953734458
JPM,DHR,33.33333333333333,-0.2288627828110357,7.628759427034522
TTE,AAPL,33.33333333333333,0.228455564987343,7.615185499578099
INTC,CVX,33.33333333333333,-0.22714824899835737,7.571608299945244
AMD,BP,22.22222222222222,0.33976567677232083,7.550348372718241
UNH,MSFT,33.33333333333333,-0.22611869541567775,7.537289847189257
EQNR,CVX,33.33333333333333,-0.22585887669190763,7.528629223063587
MS,GOOGL,33.33333333333333,0.2253421218434756,7.511404061449186
MS,PBR,33.33333333333333,0.22406231698182433,7.468743899394143
VLO,MSFT,33.33333333333333,-0.2238549921384435,7.46183307128145
AMD,JPM,33.33333333333333,-0.22367636000684285,7.455878666894761
LLY,GS,33.33333333333333,-0.22266514634130627,7.422171544710208
AZN,INTC,33.33333333333333,-0.22255635292867984,7.41854509762266
C,WFC,33.33333333333333,0.22232472334747302,7.410824111582433
ADBE,AXP,33.33333333333333,0.22225472753118636,7.408490917706211
MS,AAPL,33.33333333333333,-0.22158603991875836,7.386201330625277
ABBV,JNJ,33.33333333333333,0.21856869711606755,7.285623237202251
PBR,CVX,33.33333333333333,-0.21824893450019325,7.274964483339774
MS,V,33.33333333333333,-0.2176910869611192,7.256369565370639
SLB,AZN,33.33333333333333,-0.2167445059505151,7.224816865017169
MA,MS,55.55555555555556,-0.1297627469624177,7.209041497912096
NVO,WFC,22.22222222222222,0.31941401006034986,7.098089112452219
COP,XOM,22.22222222222222,-0.3154982904109619,7.011073120243597
INTC,PFE,22.22222222222222,0.31277194026624977,6.950487561472217
MA,AMZN,44.44444444444444,-0.15602137002047167,6.934283112020963
TSLA,TTE,22.22222222222222,0.3094377760059912,6.87639502235536
NVO,BAC,44.44444444444444,0.15344436006136197,6.819749336060532
DHR,PFE,22.22222222222222,0.3054320448905118,6.787378775344706
PYPL,COP,22.22222222222222,0.30421077222734677,6.760239382829928
GOOGL,SLB,22.22222222222222,0.3018735218490145,6.708300485533655
BP,COP,22.22222222222222,-0.2970151730507996,6.600337178906658
CVX,XOM,22.22222222222222,-0.2964433505334432,6.5876300118542925
JPM,BP,44.44444444444444,-0.14574116810583532,6.477385249148236
C,SLB,66.66666666666666,0.096990179439439,6.466011962629265
INTC,WFC,22.22222222222222,-0.28867097644983075,6.414910587774017
AZN,AAPL,22.22222222222222,0.2877676959768073,6.394837688373495
COP,MRK,22.22222222222222,0.28732558746668907,6.385013054815312
MS,META,22.22222222222222,0.28628935648185055,6.361985699596679
MRK,MS,22.22222222222222,-0.2845737683981753,6.323861519959451
V,AMD,22.22222222222222,0.2835870388221664,6.301934196048142
PYPL,JNJ,22.22222222222222,-0.28236056654987907,6.274679256663979
ABBV,MS,22.22222222222222,-0.2821137579549341,6.269194621220757
ABBV,PYPL,22.22222222222222,-0.27739511509145554,6.164335890921234
PYPL,AMZN,22.22222222222222,0.27671655845293863,6.149256854509747
TMO,EQNR,22.22222222222222,-0.2756035656523379,6.124523681163065
PBR,C,44.44444444444444,0.13691414382215222,6.085073058762321
NVO,AMZN,55.55555555555556,-0.10905760005008065,6.058755558337814
META,UNH,22.22222222222222,0.27153964714722467,6.034214381049437
GS,MSFT,44.44444444444444,-0.1354038966510796,6.017950962270205
SHEL,GOOGL,22.22222222222222,-0.2699076549102757,5.997947886895015
PBR,LLY,22.22222222222222,0.26976065609922145,5.994681246649366
WFC,TSLA,22.22222222222222,0.2679890000671101,5.955311112602446
ADBE,SHEL,22.22222222222222,-0.2679049110502211,5.953442467782691
LLY,AZN,22.22222222222222,0.26749960591631483,5.944435687029218
WFC,ABBV,22.22222222222222,0.2671430227731032,5.936511617180071
PYPL,NVO,22.22222222222222,0.2664942251320643,5.922093891823651
TMO,CVX,44.44444444444444,0.13304989625859992,5.913328722604441
BP,MA,22.22222222222222,0.26427677278994083,5.872817173109796
TSLA,NVDA,22.22222222222222,-0.2627969748587547,5.839932774638993
AAPL,PYPL,22.22222222222222,-0.26204434169776425,5.82320759328365
ABBV,EQNR,22.22222222222222,0.2608526161046997,5.7967248023266595
EQNR,META,22.22222222222222,-0.26021598000175716,5.782577333372381
PFE,EQNR,22.22222222222222,0.25996656376521565,5.777034750338125
V,GOOGL,22.22222222222222,-0.2580026574395223,5.7333923875449395
V,JPM,22.22222222222222,-0.25650092120040846,5.700020471120188
NVDA,GS,22.22222222222222,0.25648480373841426,5.699662305298094
NVDA,SHEL,22.22222222222222,0.2563372052525103,5.696382338944673
DHR,ADBE,22.22222222222222,-0.25570643440745544,5.6823652090545655
BP,TSLA,22.22222222222222,-0.2543913947392312,5.653142105316249
JNJ,SHEL,22.22222222222222,0.25429238894004935,5.650941976445541
ADBE,NVO,22.22222222222222,0.25389511204292015,5.642113600953781
INTC,V,22.22222222222222,-0.2526319318236588,5.614042929414639
PFE,INTC,22.22222222222222,0.25213074578705746,5.60290546193461
AAPL,BP,22.22222222222222,0.25155329754841166,5.590073278853592
UNH,ABBV,22.22222222222222,-0.2506843236154152,5.570762747009226
AZN,TMO,22.22222222222222,-0.2505243211720502,5.567207137156671
MSFT,JPM,22.22222222222222,0.2504273504948313,5.565052233218473
AAPL,SLB,22.22222222222222,-0.2485936431906084,5.5243031820135196
META,AMZN,22.22222222222222,-0.2483118368983433,5.5180408199631845
ADBE,C,22.22222222222222,-0.247496273305937,5.499917184576377
EQNR,LLY,22.22222222222222,-0.24706359677356565,5.490302150523681
PFE,ABBV,22.22222222222222,0.2469763982791604,5.488364406203564
TMO,PBR,22.22222222222222,-0.24605807360747073,5.467957191277127
PFE,BAC,22.22222222222222,0.2444150200525289,5.431444890056198
PBR,MA,22.22222222222222,-0.2443831417235818,5.430736482746262
TSLA,UNH,22.22222222222222,0.2442989417371459,5.428865371936575
MSFT,PYPL,22.22222222222222,0.24404096000406209,5.423132444534713
C,TMO,22.22222222222222,-0.24343450158994384,5.409655590887641
BP,JPM,22.22222222222222,0.2433501293197852,5.407780651550782
AXP,JPM,22.22222222222222,-0.24326241561731285,5.405831458162508
TSLA,WFC,22.22222222222222,0.24321326702612933,5.404739267247319
NVO,NVDA,22.22222222222222,-0.24317886383709664,5.403974751935481
TSLA,JPM,22.22222222222222,0.24304577765586752,5.4010172812415
GOOGL,COP,22.22222222222222,-0.24293799383224035,5.398622085160897
WFC,META,22.22222222222222,0.24279057725893172,5.395346161309593
MSFT,UNH,22.22222222222222,-0.24191549704262244,5.375899934280499
AXP,INTC,22.22222222222222,0.24184140614642607,5.374253469920579
EQNR,UNH,22.22222222222222,0.24182526703532414,5.373894823007203
INTC,AXP,22.22222222222222,0.24026827749091118,5.339295055353581
BAC,XOM,22.22222222222222,0.23970099294275346,5.3266887320611875
DHR,MSFT,22.22222222222222,-0.23965415585551125,5.32564790790025
META,TSLA,22.22222222222222,-0.23950166028391953,5.322259117420434
NVDA,NVO,22.22222222222222,-0.23820383036539688,5.293418452564375
WFC,NVO,22.22222222222222,-0.23817958028843733,5.2928795619652735
MRK,MA,22.22222222222222,0.23810400955230596,5.291200212273465
GS,MRK,22.22222222222222,-0.2362712726403176,5.2504727253403916
JPM,MRK,22.22222222222222,0.2362372983089119,5.249717740198042
MRK,COP,22.22222222222222,0.23493840501346291,5.220853444743621
BAC,NVO,44.44444444444444,-0.1167127850106057,5.187234889360253
TMO,VLO,22.22222222222222,-0.23340237538326647,5.186719452961477
INTC,TTE,22.22222222222222,-0.23203652627056123,5.156367250456916
BP,META,55.55555555555556,-0.09240900817787087,5.133833787659493
MS,XOM,22.22222222222222,-0.2296870731718096,5.104157181595769
MS,MA,22.22222222222222,-0.22937275057830248,5.097172235073388
AMD,META,22.22222222222222,-0.22788470613322187,5.064104580738263
AMD,AXP,22.22222222222222,-0.22771400918728416,5.060311315272981
GOOGL,CVX,22.22222222222222,-0.2276519129592444,5.05893139909432
GS,XOM,22.22222222222222,0.22733664514609675,5.051925447691039
PFE,JPM,22.22222222222222,0.22676776812142732,5.039283736031718
PYPL,MSFT,22.22222222222222,0.2267486355605632,5.0388585680125155
PBR,AZN,22.22222222222222,0.22674571307297656,5.038793623843923
TMO,MS,22.22222222222222,0.2266645516525119,5.036990036722487
MA,AAPL,22.22222222222222,0.22655978837960017,5.034661963991114
AZN,SLB,22.22222222222222,-0.2262365045751803,5.027477879448451
XOM,MSFT,22.22222222222222,0.22476077896925897,4.994683977094644
AZN,PBR,22.22222222222222,0.22467121902651416,4.992693756144759
PYPL,MS,22.22222222222222,-0.22392240740111422,4.976053497802538
XOM,GS,22.22222222222222,0.2231512921401802,4.958917603115116
C,TSLA,22.22222222222222,0.22302159835136903,4.956035518919312
GOOGL,PFE,22.22222222222222,-0.22242204485749273,4.942712107944283
GS,MA,22.22222222222222,-0.22226396915065466,4.9391993144589925
JNJ,PYPL,22.22222222222222,-0.22039870810575424,4.89774906901676
AMZN,PFE,22.22222222222222,-0.21915212111860694,4.870047135969043
TTE,CVX,22.22222222222222,0.21836781535537478,4.852618119008328
MRK,TSLA,22.22222222222222,-0.2180268284736742,4.845040632748315
ABBV,TMO,22.22222222222222,-0.21797909163423787,4.843979814094174
C,ADBE,22.22222222222222,-0.21742049569081465,4.831566570906992
WFC,COP,22.22222222222222,0.21549665950472768,4.788814655660615
ADBE,GS,22.22222222222222,-0.21483258438154643,4.774057430701031
TMO,MSFT,22.22222222222222,-0.2134845336581883,4.74410074795974
AMZN,PYPL,22.22222222222222,0.21340869378375382,4.742415417416751
VLO,AAPL,22.22222222222222,0.212689952859309,4.726443396873533
VLO,SLB,22.22222222222222,-0.2121659421099657,4.714798713554793
BAC,EQNR,22.22222222222222,-0.21202483894333643,4.711663087629698
DHR,MRK,22.22222222222222,0.21190455030172947,4.7089900067051
SLB,UNH,22.22222222222222,0.21120226465921438,4.693383659093652
MA,NVO,22.22222222222222,-0.2109896024523854,4.688657832275231
V,VLO,22.22222222222222,-0.21097888584283994,4.688419685396443
EQNR,SLB,22.22222222222222,-0.21051407730358732,4.678090606746385
NVDA,ABBV,22.22222222222222,0.2088793847937735,4.641764106528299
NVDA,AAPL,22.22222222222222,-0.20836651458163385,4.630366990702974
WFC,GS,22.22222222222222,-0.20812284595965935,4.624952132436874
INTC,AAPL,77.77777777777779,-0.05879491653713665,4.572937952888407
SLB,C,22.22222222222222,-0.20478063821890302,4.5506808493089554
GS,SLB,77.77777777777779,0.05637595832771029,4.3847967588219126
TSLA,JNJ,11.11111111111111,0.37033827913444406,4.1148697681604895
JPM,MA,33.33333333333333,0.12099453580127358,4.033151193375785
SHEL,COP,11.11111111111111,0.34818801144482314,3.868755682720257
TSLA,MSFT,33.33333333333333,0.11461350431359714,3.8204501437865708
EQNR,XOM,55.55555555555556,0.06816026706904856,3.786681503836031
JNJ,GS,11.11111111111111,-0.3361668296492854,3.735186996103171
TTE,COP,33.33333333333333,0.10964613687790355,3.654871229263451
JPM,COP,11.11111111111111,0.32587785652531703,3.6208650725035225
BP,MS,11.11111111111111,-0.3248062100870484,3.6089578898560934
SLB,MRK,11.11111111111111,-0.3220741068282427,3.5786011869804746
AAPL,C,11.11111111111111,-0.3204858674251619,3.5609540825017985
AMZN,WFC,11.11111111111111,-0.3198047921014585,3.5533865789050942
MS,AMD,11.11111111111111,0.31907038319552605,3.5452264799502893
JPM,VLO,11.11111111111111,0.3179301717435586,3.5325574638173176
XOM,VLO,33.33333333333333,0.10498453377218771,3.499484459072923
AAPL,INTC,66.66666666666666,-0.05212408787041745,3.474939191361163
MRK,GS,33.33333333333333,0.10327738081885658,3.442579360628552
AZN,XOM,11.11111111111111,-0.30741919712861376,3.4157688569845974
CVX,JNJ,33.33333333333333,-0.10170443985532086,3.3901479951773617
EQNR,VLO,11.11111111111111,-0.3047095380601634,3.385661534001815
JNJ,COP,11.11111111111111,-0.3044515441955987,3.3827949355066522
AZN,DHR,33.33333333333333,-0.10099600782404206,3.3665335941347347
XOM,INTC,11.11111111111111,0.30218068801841413,3.357563200204601
EQNR,COP,11.11111111111111,-0.3005967534370753,3.3399639270786143
GOOGL,GS,11.11111111111111,0.29841262345955055,3.3156958162172283
BP,SHEL,66.66666666666666,0.04935312337951508,3.2902082253010048
GS,META,33.33333333333333,0.0984542677917409,3.2818089263913626
TMO,LLY,11.11111111111111,0.29496675011788176,3.2774083346431304
SHEL,JNJ,11.11111111111111,0.29120544202618526,3.2356160225131694
MSFT,COP,11.11111111111111,-0.29033044068558383,3.225893785395376
PYPL,MA,11.11111111111111,0.2869131203772547,3.1879235597472744
PYPL,PBR,55.55555555555556,-0.05677326005732737,3.154070003184854
DHR,MS,11.11111111111111,0.2838338759586566,3.153709732873962
META,JPM,11.11111111111111,-0.2816811520410156,3.1297905782335067
LLY,AMD,11.11111111111111,-0.2775889104882162,3.084321227646847
AMD,LLY,11.11111111111111,-0.27722477732152323,3.0802753035724804
AXP,JNJ,11.11111111111111,-0.27709833475853113,3.0788703862059013
GOOGL,META,11.11111111111111,-0.27567769824151983,3.063085536016887
MRK,JNJ,11.11111111111111,0.27523780185512065,3.0581977983902293
NVO,AMD,33.33333333333333,-0.09168430916255117,3.0561436387517054
WFC,LLY,11.11111111111111,0.27462394393611733,3.0513771548457482
GS,GOOGL,11.11111111111111,0.27216017264712045,3.0240019183013382
NVDA,TMO,11.11111111111111,0.26705069152954575,2.9672299058838414
MRK,TMO,55.55555555555556,-0.053134801058086344,2.951933392115908
JNJ,TSLA,11.11111111111111,0.26537227912045386,2.948580879116154
TMO,NVDA,11.11111111111111,0.26496155945745226,2.944017327305025
MS,PFE,11.11111111111111,0.26468390578050577,2.9409322864500638
ADBE,SLB,11.11111111111111,0.26422774296594037,2.9358638107326707
INTC,MA,11.11111111111111,-0.2642152233581529,2.9357247039794765
GS,ABBV,55.55555555555556,0.05266266612151749,2.9257036734176385
GS,INTC,11.11111111111111,-0.2632547320434488,2.925052578260542
JNJ,PBR,11.11111111111111,0.2629981164333054,2.922201293703393
V,LLY,11.11111111111111,0.26238720259154513,2.915413362128279
MA,GOOGL,11.11111111111111,0.262104159140172,2.9122684348908
AAPL,VLO,11.11111111111111,0.26159409309629095,2.9066010344032325
MA,PYPL,11.11111111111111,0.2613752805154022,2.904169783504469
C,LLY,11.11111111111111,-0.2602712219048471,2.891902465609412
MA,UNH,11.11111111111111,-0.2595075284019378,2.8834169822437534
META,GOOGL,11.11111111111111,-0.25900043387594834,2.877782598621648
XOM,AAPL,33.33333333333333,0.0862369561646837,2.874565205489456
CVX,ADBE,11.11111111111111,-0.2586469166740946,2.873854629712162
CVX,DHR,11.11111111111111,0.25691882635737484,2.8546536261930537
UNH,GS,11.11111111111111,-0.25684344511892726,2.8538160568769695
CVX,COP,11.11111111111111,0.256211533955639,2.846794821729322
AMZN,BAC,11.11111111111111,-0.2556062123991657,2.8400690266573965
COP,BAC,11.11111111111111,-0.2550065664786333,2.8334062942070366
AMD,MRK,11.11111111111111,0.25423600909982275,2.824844545553586
GS,EQNR,11.11111111111111,-0.25387288256314355,2.8208098062571505
EQNR,JNJ,11.11111111111111,0.2528257041586937,2.8091744906521523
AMD,ABBV,11.11111111111111,-0.25260323682700353,2.80670263141115
AZN,PYPL,11.11111111111111,-0.25197429610362243,2.7997144011513604
NVO,PYPL,11.11111111111111,0.2518227825217208,2.798030916908009
INTC,NVDA,11.11111111111111,-0.2514041993737636,2.793379993041818
WFC,SHEL,11.11111111111111,-0.25033859949874476,2.781539994430497
MA,DHR,11.11111111111111,-0.25022180124128984,2.7802422360143315
NVO,CVX,11.11111111111111,0.2494504556324864,2.771671729249849
V,MSFT,11.11111111111111,0.24921007296752787,2.7690008107503097
TSLA,CVX,11.11111111111111,0.24858226130649125,2.7620251256276807
CVX,INTC,11.11111111111111,-0.24815933153177452,2.7573259059086057
AXP,DHR,11.11111111111111,0.24723914166570413,2.7471015740633793
META,BAC,11.11111111111111,-0.24713214520422325,2.7459127244913693
V,ADBE,11.11111111111111,0.2461187465345127,2.7346527392723634
SLB,PFE,11.11111111111111,-0.2458553584400654,2.7317262048896156
JNJ,MSFT,11.11111111111111,0.2457146931179817,2.7301632568664633
UNH,PBR,11.11111111111111,-0.2443980313157639,2.7155336812862654
NVDA,MRK,11.11111111111111,0.24437078691494796,2.715230965721644
V,AAPL,11.11111111111111,0.24348386956349458,2.705376328483273
DHR,PBR,11.11111111111111,-0.24283795583815643,2.698199509312849
TSLA,XOM,11.11111111111111,0.24174258369033821,2.6860287076704243
XOM,UNH,33.33333333333333,-0.0803390454697245,2.6779681823241495
XOM,TSLA,11.11111111111111,0.24088179926837275,2.6764644363152525
PYPL,META,11.11111111111111,-0.24047900794004662,2.671988977111629
SLB,MSFT,11.11111111111111,-0.24011202907057075,2.667911434117453
SHEL,MSFT,11.11111111111111,0.23980074565992018,2.6644527295546685
DHR,COP,11.11111111111111,-0.23854037859227487,2.6504486510252763
XOM,BAC,11.11111111111111,0.23831480298423238,2.6479422553803595
ABBV,GS,11.11111111111111,0.23787245364234508,2.643027262692723
SLB,MS,11.11111111111111,0.2366805148473072,2.6297834983034134
BAC,ABBV,11.11111111111111,0.23573483819918994,2.6192759799909995
C,MSFT,11.11111111111111,-0.23522391668042686,2.613599074226965
C,BAC,11.11111111111111,0.23489054261381795,2.6098949179313102
WFC,INTC,11.11111111111111,-0.23472391756559138,2.608043528506571
AZN,LLY,11.11111111111111,0.23387392809802096,2.598599201089122
GOOGL,C,11.11111111111111,0.23362367860883335,2.5958186512092594
CVX,SHEL,11.11111111111111,0.23358575514805702,2.5953972794228557
SHEL,AMZN,11.11111111111111,-0.23224320877962001,2.5804800975513333
LLY,INTC,11.11111111111111,-0.2320071551500255,2.5778572794447276
MRK,GOOGL,11.11111111111111,0.23177890447879154,2.5753211608754616
UNH,COP,11.11111111111111,0.2315458055997887,2.5727311733309857
BP,LLY,55.55555555555556,0.046245361149957497,2.569186730553194
META,SLB,11.11111111111111,-0.2305004834803011,2.5611164831144566
PFE,VLO,11.11111111111111,-0.23046151362761727,2.5606834847513027
MA,LLY,11.11111111111111,-0.23043507367325153,2.5603897074805726
SLB,AMD,11.11111111111111,0.23034888519741,2.559432057749
TSLA,MA,11.11111111111111,-0.2302413089223317,2.5582367658036853
CVX,GOOGL,11.11111111111111,-0.23015463983627168,2.557273775958574
META,CVX,11.11111111111111,0.22986742544176075,2.5540825049084526
LLY,TTE,11.11111111111111,-0.2297121377844064,2.5523570864934046
DHR,META,11.11111111111111,-0.22968383143185891,2.552042571465099
VLO,JPM,11.11111111111111,0.22915161415507065,2.5461290461674517
CVX,AMD,11.11111111111111,-0.2288424856217542,2.5426942846861578
AMZN,MRK,11.11111111111111,0.22806996190975276,2.534110687886142
TSLA,BAC,11.11111111111111,0.22799660011699846,2.5332955568555384
V,INTC,11.11111111111111,-0.22720402724573804,2.5244891916193115
NVO,JPM,11.11111111111111,-0.22690746926309147,2.5211941029232383
AZN,ADBE,11.11111111111111,-0.22687858976405414,2.5208732196006016
V,BAC,11.11111111111111,-0.22686043599669878,2.520671511074431
LLY,BAC,11.11111111111111,0.22668762020730168,2.518751335636685
PBR,AMD,11.11111111111111,-0.2261206430965755,2.51245158996195
BAC,SHEL,11.11111111111111,-0.22589664609564383,2.5099627343960424
AMD,EQNR,11.11111111111111,0.22545617924554087,2.5050686582837876
TMO,XOM,11.11111111111111,-0.22445436864900797,2.493937429433422
UNH,MS,11.11111111111111,-0.2243366708771196,2.49262967641244
AXP,ABBV,11.11111111111111,-0.2235944153135256,2.4843823923725066
MRK,SLB,11.11111111111111,-0.22339920742878686,2.4822134158754094
TTE,GOOGL,11.11111111111111,0.22328971861989416,2.4809968735543797
EQNR,INTC,11.11111111111111,-0.22303665642035997,2.478185071337333
MA,META,11.11111111111111,0.22222503011479286,2.4691670012754763
COP,MS,11.11111111111111,-0.22183448223919466,2.464827580435496
META,XOM,11.11111111111111,0.22167990306422747,2.463110034046972
AMZN,NVO,33.33333333333333,-0.07371743548415606,2.457247849471868
TTE,MA,11.11111111111111,0.22024627375897726,2.4471808195441915
C,AAPL,11.11111111111111,-0.22021721920246265,2.4468579911384736
VLO,JNJ,11.11111111111111,-0.21961654775296785,2.440183863921865
AMZN,SLB,11.11111111111111,0.21921994504516984,2.4357771671685535
INTC,AMZN,11.11111111111111,-0.21893495385033462,2.4326105983370514
WFC,AXP,11.11111111111111,0.21865095537041807,2.429455059671312
LLY,WFC,11.11111111111111,0.21819462211677487,2.4243846901863875
SLB,V,11.11111111111111,-0.21817537338405757,2.4241708153784174
WFC,V,11.11111111111111,-0.21781747717859767,2.4201941908733073
TSLA,GS,11.11111111111111,0.21751402008297313,2.416822445366368
AZN,TTE,11.11111111111111,0.217506162274672,2.4167351363852445
JPM,AXP,11.11111111111111,-0.2172559631280157,2.413955145866841
ADBE,EQNR,11.11111111111111,0.21629510774311356,2.403278974923484
ADBE,MA,11.11111111111111,0.21577616570227134,2.3975129522474594
AMZN,JPM,11.11111111111111,-0.21513644012564145,2.390404890284905
AZN,MSFT,11.11111111111111,0.21508013769987355,2.3897793077763727
EQNR,TMO,11.11111111111111,-0.2150369782909859,2.389299758788732
MRK,LLY,11.11111111111111,0.2145187582280365,2.3835417580892946
TSLA,BP,11.11111111111111,-0.2143448088186468,2.3816089868738533
MS,BAC,11.11111111111111,0.2142391012015284,2.38043445779476
BP,ADBE,11.11111111111111,-0.21397594661342584,2.377510517926954
AAPL,ADBE,11.11111111111111,0.2136713284038804,2.3741258711542264
TMO,AXP,11.11111111111111,0.21218266376031733,2.3575851528924145
JPM,GOOGL,11.11111111111111,0.21211650096417792,2.356850010713088
INTC,VLO,11.11111111111111,0.21202417967828693,2.3558242186476326
BAC,META,11.11111111111111,-0.21202360452020827,2.355817828002314
MSFT,AZN,11.11111111111111,0.2116775538482106,2.351972820535673
WFC,MSFT,11.11111111111111,-0.21142620197076004,2.3491800218973338
NVO,TSLA,11.11111111111111,0.2113749560194788,2.3486106224386534
META,EQNR,11.11111111111111,-0.21093350889108967,2.343705654345441
SLB,COP,11.11111111111111,0.21074131034283786,2.3415701149204207
AMZN,AMD,11.11111111111111,-0.2107033267437306,2.3411480749303397
WFC,TTE,11.11111111111111,0.21027746836648836,2.336416315183204
COP,UNH,11.11111111111111,0.2097667210127291,2.330741344585879
LLY,ADBE,11.11111111111111,0.20937591010448808,2.3263990011609788
JNJ,XOM,11.11111111111111,0.20916305549747743,2.3240339499719713
AAPL,COP,11.11111111111111,0.20889379012976614,2.321042112552957
SHEL,JPM,11.11111111111111,-0.20883247937033536,2.320360881892615
TTE,XOM,11.11111111111111,-0.2087721066222451,2.319690073580501
MRK,META,11.11111111111111,0.20874830992334817,2.3194256658149794
TTE,UNH,11.11111111111111,0.20848246255690048,2.316471806187783
BP,ABBV,11.11111111111111,0.20802747325227325,2.3114163694697027
META,DHR,11.11111111111111,-0.2070274409417766,2.3003048993530735
VLO,PFE,11.11111111111111,-0.2069891513223069,2.2998794591367435
DHR,V,11.11111111111111,-0.2066992520638598,2.296658356265109
GS,AZN,11.11111111111111,-0.206265668730829,2.2918407636758777
MA,VLO,11.11111111111111,-0.20600656145809107,2.2889617939787894
VLO,UNH,11.11111111111111,0.20594550545890528,2.2882833939878364
AAPL,ABBV,11.11111111111111,0.20550387914512175,2.2833764349457972
ABBV,AXP,11.11111111111111,-0.20460042664035347,2.273338073781705
UNH,TMO,11.11111111111111,-0.2039673406787399,2.266303785319332
CVX,UNH,11.11111111111111,-0.20382972899014082,2.26477476655712
EQNR,NVO,11.11111111111111,0.20333025209415145,2.2592250232683493
ADBE,MS,11.11111111111111,-0.2033009454207131,2.2588993935634787
MS,C,11.11111111111111,0.2030431314617275,2.2560347940191945
LLY,PYPL,11.11111111111111,-0.2030016514838767,2.2555739053764077
TTE,BP,11.11111111111111,0.20282704287770068,2.2536338097522295
LLY,MA,11.11111111111111,-0.20274284007092713,2.2526982230103014
C,ABBV,11.11111111111111,0.20270874654398402,2.2523194060442666
JPM,JNJ,11.11111111111111,0.20270360915004107,2.252262323889345
PFE,PYPL,11.11111111111111,0.20254689976894832,2.2505211085438703
VLO,NVO,11.11111111111111,0.20251819587475425,2.2502021763861584
AAPL,MS,11.11111111111111,-0.20238694269089072,2.2487438076765636
ADBE,UNH,11.11111111111111,0.20235385774937809,2.248376197215312
UNH,CVX,11.11111111111111,-0.20227909510104097,2.2475455011226773
TMO,GOOGL,11.11111111111111,0.20211915241033598,2.245768360114844
CVX,C,11.11111111111111,0.20204532057975128,2.244948006441681
JNJ,AMD,11.11111111111111,0.20199858201403229,2.244428689044803
EQNR,MS,11.11111111111111,-0.20187530581727844,2.243058953525316
LLY,MS,11.11111111111111,-0.20173634034670626,2.2415148927411805
MS,AMZN,11.11111111111111,-0.20168605699310352,2.240956188812261
UNH,V,11.11111111111111,-0.20147618333203562,2.23862425924484
PFE,C,11.11111111111111,0.20105588341955452,2.2339542602172724
MSFT,TMO,11.11111111111111,-0.20015551389313715,2.2239501543681905
ABBV,INTC,55.55555555555556,-0.03969181511982098,2.2051008399900542
PBR,COP,44.44444444444444,0.046215176835897695,2.0540078593732307
COP,PYPL,33.33333333333333,-0.061588501018129675,2.0529500339376554
V,META,33.33333333333333,-0.06109672910212564,2.036557636737521
AMD,AMZN,55.55555555555556,-0.03349480281140933,1.8608223784116296
CVX,BP,55.55555555555556,-0.024745086359641993,1.3747270199801107
AMZN,MS,33.33333333333333,0.0409116981132587,1.3637232704419564
COP,INTC,22.22222222222222,0.05822603064271925,1.2939117920604277
CVX,TSLA,22.22222222222222,0.05118520680152229,1.1374490400338286
JNJ,JPM,77.77777777777779,-0.013441092817042834,1.0454183302144429
V,ABBV,44.44444444444444,-0.020723492531489307,0.9210441125106358
INTC,COP,22.22222222222222,0.03568031721761067,0.792895938169126
BP,CVX,55.55555555555556,-0.011568643099754767,0.6427023944308204
CVX,TTE,22.22222222222222,-0.021364914133735646,0.4747758696385699
NVO,MS,22.22222222222222,-0.020180302048035337,0.44845115662300744
GOOGL,ADBE,22.22222222222222,0.01982450947645563,0.4405446550323473
CVX,AXP,22.22222222222222,-0.017734805363832762,0.3941067858629502
MA,AMD,44.44444444444444,-0.008651347106568168,0.38450431584747413
TSLA,VLO,22.22222222222222,0.016970675523693357,0.37712612274874124
TTE,MS,22.22222222222222,0.016338173261427114,0.3630705169206025
GOOGL,TTE,22.22222222222222,0.014876571119710344,0.3305904693268965
XOM,CVX,55.55555555555556,0.005351725569694238,0.29731808720523545
MSFT,PFE,22.22222222222222,-0.01240458446461784,0.2756574325470631
CVX,SLB,22.22222222222222,0.012139564878650588,0.26976810841445753
SLB,CVX,22.22222222222222,0.011441274888560518,0.25425055307912264
INTC,GS,66.66666666666666,-0.0036849907767706283,0.24566605178470852
EQNR,ABBV,22.22222222222222,-0.010061623112529033,0.2235916247228674
BAC,TSLA,22.22222222222222,0.009788613264030549,0.21752473920067886
META,SHEL,22.22222222222222,0.00907315699680275,0.2016257110400611
ADBE,PBR,22.22222222222222,0.008583517872624319,0.19074484161387376
COP,TMO,22.22222222222222,-0.006336415247985908,0.14080922773302015
AMZN,META,22.22222222222222,-0.0019229938534823243,0.04273319674405165
PBR,MRK,22.22222222222222,0.0011865713257954713,0.026368251684343806
GOOGL,TMO,22.22222222222222,0.0008194529479184781,0.018210065509299513
